OpportunityID,StageName,EnteredDate,ExitedDate,DaysInStage,IsCurrentStage
OPP-00001,Prospect,2023-12-19,2024-01-14,26,false
OPP-00001,Qualified,2024-01-14,2024-01-31,17,false
OPP-00001,Demo,2024-01-31,2024-02-13,13,false
OPP-00001,Proposal,2024-02-13,2024-03-07,23,false
OPP-00001,Commit,2024-03-07,2024-03-25,18,true
OPP-00002,Prospect,2025-04-03,2025-04-18,15,false
OPP-00002,Qualified,2025-04-18,2025-04-28,10,false
OPP-00002,Demo,2025-04-28,2025-05-05,7,false
OPP-00002,Proposal,2025-05-05,2025-05-21,16,true
OPP-00003,Prospect,2025-11-22,,208,true
OPP-00004,Prospect,2023-09-08,2023-10-04,26,true
OPP-00005,Prospect,2026-01-07,2026-01-26,19,false
OPP-00005,Qualified,2026-01-26,,143,true
OPP-00006,Prospect,2025-10-12,2025-11-02,21,false
OPP-00006,Qualified,2025-11-02,2025-11-16,14,false
OPP-00006,Demo,2025-11-16,2025-11-26,10,false
OPP-00006,Proposal,2025-11-26,2025-12-15,19,false
OPP-00006,Commit,2025-12-15,2025-12-30,15,true
OPP-00007,Prospect,2024-10-08,2024-11-24,47,false
OPP-00007,Qualified,2024-11-24,2024-12-25,31,false
OPP-00007,Demo,2024-12-25,2025-01-17,23,false
OPP-00007,Proposal,2025-01-17,2025-03-01,43,true
OPP-00008,Prospect,2026-03-29,2026-04-21,23,false
OPP-00008,Qualified,2026-04-21,,58,true
OPP-00009,Prospect,2026-03-25,2026-04-10,16,false
OPP-00009,Qualified,2026-04-10,2026-04-24,14,false
OPP-00009,Demo,2026-04-24,2026-05-01,7,false
OPP-00009,Proposal,2026-05-01,2026-05-22,21,false
OPP-00009,Commit,2026-05-22,,27,true
OPP-00010,Prospect,2024-11-10,2024-12-13,33,true
OPP-00011,Prospect,2026-02-01,,137,true
OPP-00012,Prospect,2026-06-22,2026-07-15,23,false
OPP-00012,Qualified,2026-07-15,2026-07-22,7,false
OPP-00012,Demo,2026-07-22,2026-08-02,11,false
OPP-00012,Proposal,2026-08-02,,0,true
OPP-00013,Prospect,2025-07-22,2025-09-01,41,false
OPP-00013,Qualified,2025-09-01,2025-09-28,27,false
OPP-00013,Demo,2025-09-28,2025-10-18,20,false
OPP-00013,Proposal,2025-10-18,2025-11-23,36,false
OPP-00013,Commit,2025-11-23,2025-12-20,27,true
OPP-00014,Prospect,2024-09-21,2024-10-19,28,false
OPP-00014,Qualified,2024-10-19,2024-11-07,19,true
OPP-00015,Prospect,2026-03-29,2026-04-18,20,false
OPP-00015,Qualified,2026-04-18,,61,true
OPP-00016,Prospect,2026-03-01,2026-03-14,13,false
OPP-00016,Qualified,2026-03-14,2026-03-21,7,false
OPP-00016,Demo,2026-03-21,,89,true
OPP-00017,Prospect,2026-07-24,2026-08-14,21,false
OPP-00017,Qualified,2026-08-14,2026-08-24,10,false
OPP-00017,Demo,2026-08-24,2026-08-28,4,false
OPP-00017,Proposal,2026-08-28,,0,true
OPP-00018,Prospect,2023-11-11,2023-12-03,22,false
OPP-00018,Qualified,2023-12-03,2023-12-17,14,false
OPP-00018,Demo,2023-12-17,2023-12-28,11,false
OPP-00018,Proposal,2023-12-28,2024-01-16,19,false
OPP-00018,Commit,2024-01-16,2024-01-31,15,true
OPP-00019,Prospect,2023-10-30,2023-11-12,13,true
OPP-00020,Prospect,2024-05-13,2024-06-07,25,false
OPP-00020,Qualified,2024-06-07,2024-06-23,16,false
OPP-00020,Demo,2024-06-23,2024-07-05,12,false
OPP-00020,Proposal,2024-07-05,2024-07-27,22,false
OPP-00020,Commit,2024-07-27,2024-08-13,17,true
OPP-00021,Prospect,2023-12-28,2024-01-13,16,false
OPP-00021,Qualified,2024-01-13,2024-01-23,10,false
OPP-00021,Demo,2024-01-23,2024-01-31,8,false
OPP-00021,Proposal,2024-01-31,2024-02-14,14,false
OPP-00021,Commit,2024-02-14,2024-02-25,11,true
OPP-00022,Prospect,2024-10-14,2024-11-06,23,false
OPP-00022,Qualified,2024-11-06,2024-11-21,15,false
OPP-00022,Demo,2024-11-21,2024-12-02,11,false
OPP-00022,Proposal,2024-12-02,2024-12-22,20,false
OPP-00022,Commit,2024-12-22,2025-01-07,16,true
OPP-00023,Prospect,2025-10-23,,238,true
OPP-00024,Prospect,2026-04-10,2026-05-04,24,false
OPP-00024,Qualified,2026-05-04,2026-05-16,12,false
OPP-00024,Demo,2026-05-16,,33,true
OPP-00025,Prospect,2025-11-18,,212,true
OPP-00026,Prospect,2024-09-18,2024-09-25,7,false
OPP-00026,Qualified,2024-09-25,2024-09-30,5,false
OPP-00026,Demo,2024-09-30,2024-10-05,5,true
OPP-00027,Prospect,2026-07-18,,0,true
OPP-00028,Prospect,2025-02-11,2025-03-07,24,false
OPP-00028,Qualified,2025-03-07,2025-03-24,17,true
OPP-00029,Prospect,2026-01-20,2026-02-02,13,false
OPP-00029,Qualified,2026-02-02,2026-02-14,12,false
OPP-00029,Demo,2026-02-14,2026-02-26,12,false
OPP-00029,Proposal,2026-02-26,2026-03-26,28,false
OPP-00029,Commit,2026-03-26,,84,true
OPP-00030,Prospect,2025-10-17,2025-11-05,19,false
OPP-00030,Qualified,2025-11-05,2025-11-17,12,false
OPP-00030,Demo,2025-11-17,2025-11-24,7,false
OPP-00030,Proposal,2025-11-24,2025-12-07,13,false
OPP-00030,Commit,2025-12-07,,193,true
OPP-00031,Prospect,2025-12-20,2026-01-06,17,false
OPP-00031,Qualified,2026-01-06,,163,true
OPP-00032,Prospect,2026-05-08,2026-05-29,21,false
OPP-00032,Qualified,2026-05-29,2026-06-15,17,false
OPP-00032,Demo,2026-06-15,,3,true
OPP-00033,Prospect,2023-12-24,2024-01-06,13,true
OPP-00034,Prospect,2024-10-06,2024-10-27,21,true
OPP-00035,Prospect,2025-12-02,2025-12-19,17,false
OPP-00035,Qualified,2025-12-19,,181,true
OPP-00036,Prospect,2024-07-13,2024-07-26,13,false
OPP-00036,Qualified,2024-07-26,2024-08-04,9,false
OPP-00036,Demo,2024-08-04,2024-08-10,6,false
OPP-00036,Proposal,2024-08-10,2024-08-22,12,false
OPP-00036,Commit,2024-08-22,2024-09-01,10,true
OPP-00037,Prospect,2026-01-06,2026-01-28,22,false
OPP-00037,Qualified,2026-01-28,2026-02-12,15,false
OPP-00037,Demo,2026-02-12,,126,true
OPP-00038,Prospect,2024-06-26,2024-07-31,35,false
OPP-00038,Qualified,2024-07-31,2024-08-23,23,false
OPP-00038,Demo,2024-08-23,2024-09-09,17,false
OPP-00038,Proposal,2024-09-09,2024-10-10,31,false
OPP-00038,Commit,2024-10-10,2024-11-03,24,true
OPP-00039,Prospect,2026-01-26,2026-02-09,14,false
OPP-00039,Qualified,2026-02-09,,129,true
OPP-00040,Prospect,2025-01-22,2025-02-06,15,true
OPP-00041,Prospect,2026-03-03,2026-03-19,16,false
OPP-00041,Qualified,2026-03-19,2026-04-02,14,false
OPP-00041,Demo,2026-04-02,,77,true
OPP-00042,Prospect,2026-06-21,2026-07-06,15,false
OPP-00042,Qualified,2026-07-06,2026-07-16,10,false
OPP-00042,Demo,2026-07-16,2026-07-22,6,false
OPP-00042,Proposal,2026-07-22,,0,true
OPP-00043,Prospect,2024-04-28,2024-05-17,19,false
OPP-00043,Qualified,2024-05-17,2024-05-29,12,false
OPP-00043,Demo,2024-05-29,2024-06-07,9,false
OPP-00043,Proposal,2024-06-07,2024-06-23,16,false
OPP-00043,Commit,2024-06-23,2024-07-07,14,true
OPP-00044,Prospect,2025-03-20,2025-04-13,24,true
OPP-00045,Prospect,2025-11-28,,202,true
OPP-00046,Prospect,2026-02-02,2026-02-16,14,false
OPP-00046,Qualified,2026-02-16,2026-03-04,16,false
OPP-00046,Demo,2026-03-04,2026-03-12,8,false
OPP-00046,Proposal,2026-03-12,,98,true
OPP-00047,Prospect,2026-05-16,2026-06-08,23,false
OPP-00047,Qualified,2026-06-08,2026-06-25,17,false
OPP-00047,Demo,2026-06-25,2026-07-06,11,false
OPP-00047,Proposal,2026-07-06,2026-07-28,22,false
OPP-00047,Commit,2026-07-28,,0,true
OPP-00048,Prospect,2025-07-02,2025-07-31,29,false
OPP-00048,Qualified,2025-07-31,2025-08-19,19,false
OPP-00048,Demo,2025-08-19,2025-09-02,14,false
OPP-00048,Proposal,2025-09-02,2025-09-28,26,false
OPP-00048,Commit,2025-09-28,2025-10-19,21,true
OPP-00049,Prospect,2025-09-09,2025-10-01,22,true
OPP-00050,Prospect,2025-04-17,2025-05-11,24,true
OPP-00051,Prospect,2024-03-06,2024-04-06,31,false
OPP-00051,Qualified,2024-04-06,2024-04-26,20,false
OPP-00051,Demo,2024-04-26,2024-05-11,15,false
OPP-00051,Proposal,2024-05-11,2024-06-07,27,false
OPP-00051,Commit,2024-06-07,2024-06-28,21,true
OPP-00052,Prospect,2026-01-24,2026-02-18,25,false
OPP-00052,Qualified,2026-02-18,2026-02-27,9,false
OPP-00052,Demo,2026-02-27,,111,true
OPP-00053,Prospect,2025-08-24,2025-09-11,18,false
OPP-00053,Qualified,2025-09-11,2025-09-23,12,false
OPP-00053,Demo,2025-09-23,2025-10-02,9,false
OPP-00053,Proposal,2025-10-02,2025-10-18,16,false
OPP-00053,Commit,2025-10-18,2025-10-30,12,true
OPP-00054,Prospect,2025-02-22,2025-03-24,30,false
OPP-00054,Qualified,2025-03-24,2025-04-13,20,false
OPP-00054,Demo,2025-04-13,2025-04-28,15,false
OPP-00054,Proposal,2025-04-28,2025-05-24,26,false
OPP-00054,Commit,2025-05-24,2025-06-13,20,true
OPP-00055,Prospect,2025-06-16,2025-06-26,10,false
OPP-00055,Qualified,2025-06-26,2025-07-02,6,false
OPP-00055,Demo,2025-07-02,2025-07-07,5,false
OPP-00055,Proposal,2025-07-07,2025-07-16,9,false
OPP-00055,Commit,2025-07-16,2025-07-24,8,true
OPP-00056,Prospect,2026-06-05,,13,true
OPP-00057,Prospect,2024-01-05,2024-01-18,13,false
OPP-00057,Qualified,2024-01-18,2024-01-27,9,false
OPP-00057,Demo,2024-01-27,2024-02-02,6,false
OPP-00057,Proposal,2024-02-02,2024-02-14,12,false
OPP-00057,Commit,2024-02-14,2024-02-25,11,true
OPP-00058,Prospect,2026-01-10,2026-01-26,16,false
OPP-00058,Qualified,2026-01-26,2026-02-13,18,false
OPP-00058,Demo,2026-02-13,,125,true
OPP-00059,Prospect,2025-02-25,2025-03-09,12,true
OPP-00060,Prospect,2025-07-06,2025-07-16,10,false
OPP-00060,Qualified,2025-07-16,2025-07-23,7,false
OPP-00060,Demo,2025-07-23,2025-07-28,5,false
OPP-00060,Proposal,2025-07-28,2025-08-06,9,false
OPP-00060,Commit,2025-08-06,2025-08-14,8,true
OPP-00061,Prospect,2024-03-09,2024-04-15,37,false
OPP-00061,Qualified,2024-04-15,2024-05-09,24,false
OPP-00061,Demo,2024-05-09,2024-05-29,20,true
OPP-00062,Prospect,2024-02-19,2024-03-13,23,false
OPP-00062,Qualified,2024-03-13,2024-03-28,15,false
OPP-00062,Demo,2024-03-28,2024-04-08,11,false
OPP-00062,Proposal,2024-04-08,2024-04-28,20,false
OPP-00062,Commit,2024-04-28,2024-05-14,16,true
OPP-00063,Prospect,2026-08-05,2026-08-12,7,false
OPP-00063,Qualified,2026-08-12,2026-08-20,8,false
OPP-00063,Demo,2026-08-20,2026-08-28,8,false
OPP-00063,Proposal,2026-08-28,,0,true
OPP-00064,Prospect,2024-08-28,2024-09-30,33,false
OPP-00064,Qualified,2024-09-30,2024-10-22,22,false
OPP-00064,Demo,2024-10-22,2024-11-07,16,false
OPP-00064,Proposal,2024-11-07,2024-12-06,29,false
OPP-00064,Commit,2024-12-06,2024-12-28,22,true
OPP-00065,Prospect,2024-06-24,2024-07-24,30,false
OPP-00065,Qualified,2024-07-24,2024-08-13,20,false
OPP-00065,Demo,2024-08-13,2024-08-30,17,true
OPP-00066,Prospect,2025-11-08,2025-11-25,17,false
OPP-00066,Qualified,2025-11-25,2025-12-13,18,false
OPP-00066,Demo,2025-12-13,2025-12-19,6,false
OPP-00066,Proposal,2025-12-19,2026-01-01,13,false
OPP-00066,Commit,2026-01-01,,168,true
OPP-00067,Prospect,2026-02-14,2026-03-11,25,false
OPP-00067,Qualified,2026-03-11,,99,true
OPP-00068,Prospect,2024-01-07,2024-01-19,12,false
OPP-00068,Qualified,2024-01-19,2024-01-27,8,false
OPP-00068,Demo,2024-01-27,2024-02-02,6,false
OPP-00068,Proposal,2024-02-02,2024-02-12,10,false
OPP-00068,Commit,2024-02-12,2024-02-21,9,true
OPP-00069,Prospect,2024-05-16,2024-06-02,17,false
OPP-00069,Qualified,2024-06-02,2024-06-14,12,true
OPP-00070,Prospect,2026-04-13,2026-04-24,11,false
OPP-00070,Qualified,2026-04-24,2026-05-09,15,false
OPP-00070,Demo,2026-05-09,2026-05-19,10,false
OPP-00070,Proposal,2026-05-19,,30,true
OPP-00071,Prospect,2026-03-08,2026-03-21,13,false
OPP-00071,Qualified,2026-03-21,2026-04-07,17,false
OPP-00071,Demo,2026-04-07,2026-04-13,6,false
OPP-00071,Proposal,2026-04-13,2026-04-29,16,false
OPP-00071,Commit,2026-04-29,,50,true
OPP-00072,Prospect,2025-02-16,2025-02-27,11,false
OPP-00072,Qualified,2025-02-27,2025-03-07,8,true
OPP-00073,Prospect,2024-05-17,2024-05-31,14,false
OPP-00073,Qualified,2024-05-31,2024-06-09,9,false
OPP-00073,Demo,2024-06-09,2024-06-16,7,false
OPP-00073,Proposal,2024-06-16,2024-06-29,13,false
OPP-00073,Commit,2024-06-29,2024-07-10,11,true
OPP-00074,Prospect,2024-09-10,2024-10-11,31,false
OPP-00074,Qualified,2024-10-11,2024-10-31,20,false
OPP-00074,Demo,2024-10-31,2024-11-15,15,false
OPP-00074,Proposal,2024-11-15,2024-12-12,27,false
OPP-00074,Commit,2024-12-12,2025-01-03,22,true
OPP-00075,Prospect,2025-09-30,2025-10-19,19,false
OPP-00075,Qualified,2025-10-19,2025-10-27,8,false
OPP-00075,Demo,2025-10-27,2025-11-09,13,false
OPP-00075,Proposal,2025-11-09,2025-11-28,19,false
OPP-00075,Commit,2025-11-28,,202,true
OPP-00076,Prospect,2025-12-26,2026-01-10,15,false
OPP-00076,Qualified,2026-01-10,2026-01-22,12,false
OPP-00076,Demo,2026-01-22,,147,true
OPP-00077,Prospect,2024-08-20,2024-10-05,46,false
OPP-00077,Qualified,2024-10-05,2024-11-05,31,false
OPP-00077,Demo,2024-11-05,2024-11-28,23,false
OPP-00077,Proposal,2024-11-28,2025-01-08,41,false
OPP-00077,Commit,2025-01-08,2025-02-07,30,true
OPP-00078,Prospect,2025-03-16,2025-04-08,23,false
OPP-00078,Qualified,2025-04-08,2025-04-23,15,false
OPP-00078,Demo,2025-04-23,2025-05-04,11,false
OPP-00078,Proposal,2025-05-04,2025-05-24,20,false
OPP-00078,Commit,2025-05-24,2025-06-10,17,true
OPP-00079,Prospect,2025-04-12,2025-04-29,17,false
OPP-00079,Qualified,2025-04-29,2025-05-10,11,false
OPP-00079,Demo,2025-05-10,2025-05-18,8,false
OPP-00079,Proposal,2025-05-18,2025-06-02,15,false
OPP-00079,Commit,2025-06-02,2025-06-16,14,true
OPP-00080,Prospect,2025-06-18,2025-07-08,20,false
OPP-00080,Qualified,2025-07-08,2025-07-22,14,true
OPP-00081,Prospect,2026-03-03,2026-03-29,26,false
OPP-00081,Qualified,2026-03-29,2026-04-13,15,false
OPP-00081,Demo,2026-04-13,2026-04-21,8,false
OPP-00081,Proposal,2026-04-21,2026-05-12,21,false
OPP-00081,Commit,2026-05-12,,37,true
OPP-00082,Prospect,2026-02-14,2026-02-25,11,false
OPP-00082,Qualified,2026-02-25,,113,true
OPP-00083,Prospect,2023-12-31,2024-02-14,45,false
OPP-00083,Qualified,2024-02-14,2024-03-15,30,false
OPP-00083,Demo,2024-03-15,2024-04-06,22,false
OPP-00083,Proposal,2024-04-06,2024-05-16,40,false
OPP-00083,Commit,2024-05-16,2024-06-14,29,true
OPP-00084,Prospect,2026-05-03,2026-05-24,21,false
OPP-00084,Qualified,2026-05-24,2026-06-03,10,false
OPP-00084,Demo,2026-06-03,2026-06-11,8,false
OPP-00084,Proposal,2026-06-11,,7,true
OPP-00085,Prospect,2026-02-09,2026-03-05,24,false
OPP-00085,Qualified,2026-03-05,2026-03-12,7,false
OPP-00085,Demo,2026-03-12,,98,true
OPP-00086,Prospect,2026-03-18,2026-03-26,8,false
OPP-00086,Qualified,2026-03-26,2026-04-01,6,false
OPP-00086,Demo,2026-04-01,,78,true
OPP-00087,Prospect,2026-07-04,2026-07-27,23,false
OPP-00087,Qualified,2026-07-27,,0,true
OPP-00088,Prospect,2023-12-22,2024-01-15,24,false
OPP-00088,Qualified,2024-01-15,2024-01-31,16,false
OPP-00088,Demo,2024-01-31,2024-02-12,12,false
OPP-00088,Proposal,2024-02-12,2024-03-04,21,false
OPP-00088,Commit,2024-03-04,2024-03-21,17,true
OPP-00089,Prospect,2024-04-09,2024-05-18,39,false
OPP-00089,Qualified,2024-05-18,2024-06-13,26,false
OPP-00089,Demo,2024-06-13,2024-07-02,19,false
OPP-00089,Proposal,2024-07-02,2024-08-05,34,false
OPP-00089,Commit,2024-08-05,2024-08-30,25,true
OPP-00090,Prospect,2026-01-06,2026-01-25,19,false
OPP-00090,Qualified,2026-01-25,2026-02-08,14,false
OPP-00090,Demo,2026-02-08,,130,true
OPP-00091,Prospect,2024-08-01,2024-09-07,37,false
OPP-00091,Qualified,2024-09-07,2024-10-02,25,false
OPP-00091,Demo,2024-10-02,2024-10-20,18,false
OPP-00091,Proposal,2024-10-20,2024-11-22,33,false
OPP-00091,Commit,2024-11-22,2024-12-17,25,true
OPP-00092,Prospect,2026-03-17,2026-03-31,14,false
OPP-00092,Qualified,2026-03-31,,79,true
OPP-00093,Prospect,2025-01-31,2025-02-23,23,false
OPP-00093,Qualified,2025-02-23,2025-03-10,15,false
OPP-00093,Demo,2025-03-10,2025-03-21,11,false
OPP-00093,Proposal,2025-03-21,2025-04-13,23,true
OPP-00094,Prospect,2024-02-16,2024-03-07,20,false
OPP-00094,Qualified,2024-03-07,2024-03-21,14,true
OPP-00095,Prospect,2026-03-31,2026-04-10,10,false
OPP-00095,Qualified,2026-04-10,2026-04-20,10,false
OPP-00095,Demo,2026-04-20,2026-05-02,12,false
OPP-00095,Proposal,2026-05-02,2026-05-13,11,false
OPP-00095,Commit,2026-05-13,,36,true
OPP-00096,Prospect,2025-12-31,,169,true
OPP-00097,Prospect,2024-09-30,2024-10-13,13,false
OPP-00097,Qualified,2024-10-13,2024-10-22,9,true
OPP-00098,Prospect,2025-10-30,2025-11-10,11,false
OPP-00098,Qualified,2025-11-10,2025-11-17,7,false
OPP-00098,Demo,2025-11-17,2025-11-22,5,false
OPP-00098,Proposal,2025-11-22,2025-12-02,10,false
OPP-00098,Commit,2025-12-02,2025-12-11,9,true
OPP-00099,Prospect,2024-10-23,2024-11-22,30,false
OPP-00099,Qualified,2024-11-22,2024-12-13,21,true
OPP-00100,Prospect,2023-12-19,2024-01-19,31,false
OPP-00100,Qualified,2024-01-19,2024-02-09,21,false
OPP-00100,Demo,2024-02-09,2024-02-24,15,false
OPP-00100,Proposal,2024-02-24,2024-03-23,28,false
OPP-00100,Commit,2024-03-23,2024-04-13,21,true
OPP-00101,Prospect,2026-02-14,2026-02-24,10,false
OPP-00101,Qualified,2026-02-24,2026-03-08,12,false
OPP-00101,Demo,2026-03-08,2026-03-19,11,false
OPP-00101,Proposal,2026-03-19,2026-04-10,22,false
OPP-00101,Commit,2026-04-10,,69,true
OPP-00102,Prospect,2025-04-05,2025-04-28,23,true
OPP-00103,Prospect,2025-06-19,2025-07-04,15,false
OPP-00103,Qualified,2025-07-04,2025-07-14,10,false
OPP-00103,Demo,2025-07-14,2025-07-22,8,true
OPP-00104,Prospect,2026-05-01,2026-05-25,24,false
OPP-00104,Qualified,2026-05-25,,24,true
OPP-00105,Prospect,2024-08-18,2024-09-23,36,false
OPP-00105,Qualified,2024-09-23,2024-10-17,24,false
OPP-00105,Demo,2024-10-17,2024-11-04,18,false
OPP-00105,Proposal,2024-11-04,2024-12-06,32,false
OPP-00105,Commit,2024-12-06,2024-12-28,22,true
OPP-00106,Prospect,2025-11-21,2025-12-13,22,false
OPP-00106,Qualified,2025-12-13,,187,true
OPP-00107,Prospect,2026-05-14,2026-06-04,21,false
OPP-00107,Qualified,2026-06-04,,14,true
OPP-00108,Prospect,2025-11-19,2025-12-11,22,false
OPP-00108,Qualified,2025-12-11,,189,true
OPP-00109,Prospect,2024-09-24,2024-11-04,41,false
OPP-00109,Qualified,2024-11-04,2024-12-01,27,false
OPP-00109,Demo,2024-12-01,2024-12-21,20,false
OPP-00109,Proposal,2024-12-21,2025-01-26,36,false
OPP-00109,Commit,2025-01-26,2025-02-23,28,true
OPP-00110,Prospect,2025-02-21,2025-03-04,11,false
OPP-00110,Qualified,2025-03-04,2025-03-11,7,false
OPP-00110,Demo,2025-03-11,2025-03-16,5,false
OPP-00110,Proposal,2025-03-16,2025-03-26,10,false
OPP-00110,Commit,2025-03-26,2025-04-04,9,true
OPP-00111,Prospect,2025-02-11,2025-02-24,13,false
OPP-00111,Qualified,2025-02-24,2025-03-05,9,true
OPP-00112,Prospect,2025-07-16,2025-08-26,41,false
OPP-00112,Qualified,2025-08-26,2025-09-22,27,false
OPP-00112,Demo,2025-09-22,2025-10-12,20,false
OPP-00112,Proposal,2025-10-12,2025-11-21,40,true
OPP-00113,Prospect,2026-07-03,2026-07-16,13,false
OPP-00113,Qualified,2026-07-16,,0,true
OPP-00114,Prospect,2024-06-28,2024-07-14,16,false
OPP-00114,Qualified,2024-07-14,2024-07-24,10,false
OPP-00114,Demo,2024-07-24,2024-08-02,9,true
OPP-00115,Prospect,2025-08-26,2025-09-16,21,false
OPP-00115,Qualified,2025-09-16,2025-09-30,14,false
OPP-00115,Demo,2025-09-30,2025-10-10,10,false
OPP-00115,Proposal,2025-10-10,2025-10-28,18,false
OPP-00115,Commit,2025-10-28,2025-11-12,15,true
OPP-00116,Prospect,2026-04-23,2026-05-02,9,false
OPP-00116,Qualified,2026-05-02,2026-05-13,11,false
OPP-00116,Demo,2026-05-13,2026-05-25,12,false
OPP-00116,Proposal,2026-05-25,,24,true
OPP-00117,Prospect,2024-03-06,2024-03-19,13,false
OPP-00117,Qualified,2024-03-19,2024-03-28,9,false
OPP-00117,Demo,2024-03-28,2024-04-03,6,false
OPP-00117,Proposal,2024-04-03,2024-04-15,12,false
OPP-00117,Commit,2024-04-15,2024-04-26,11,true
OPP-00118,Prospect,2024-12-01,2024-12-13,12,false
OPP-00118,Qualified,2024-12-13,2024-12-21,8,false
OPP-00118,Demo,2024-12-21,2024-12-27,6,false
OPP-00118,Proposal,2024-12-27,2025-01-06,10,false
OPP-00118,Commit,2025-01-06,2025-01-15,9,true
OPP-00119,Prospect,2024-07-13,2024-08-10,28,false
OPP-00119,Qualified,2024-08-10,2024-08-28,18,false
OPP-00119,Demo,2024-08-28,2024-09-11,14,false
OPP-00119,Proposal,2024-09-11,2024-10-06,25,false
OPP-00119,Commit,2024-10-06,2024-10-25,19,true
OPP-00120,Prospect,2025-11-27,2025-12-09,12,false
OPP-00120,Qualified,2025-12-09,2025-12-14,5,false
OPP-00120,Demo,2025-12-14,2025-12-21,7,false
OPP-00120,Proposal,2025-12-21,,179,true
OPP-00121,Prospect,2025-08-05,2025-08-30,25,false
OPP-00121,Qualified,2025-08-30,2025-09-16,17,true
OPP-00122,Prospect,2026-08-01,2026-08-25,24,false
OPP-00122,Qualified,2026-08-25,2026-09-02,8,false
OPP-00122,Demo,2026-09-02,2026-09-09,7,false
OPP-00122,Proposal,2026-09-09,,0,true
OPP-00123,Prospect,2025-04-05,2025-04-29,24,false
OPP-00123,Qualified,2025-04-29,2025-05-15,16,false
OPP-00123,Demo,2025-05-15,2025-05-27,12,true
OPP-00124,Prospect,2025-08-15,2025-09-01,17,true
OPP-00125,Prospect,2025-07-04,2025-07-24,20,false
OPP-00125,Qualified,2025-07-24,2025-08-06,13,false
OPP-00125,Demo,2025-08-06,2025-08-16,10,false
OPP-00125,Proposal,2025-08-16,2025-09-03,18,false
OPP-00125,Commit,2025-09-03,2025-09-17,14,true
OPP-00126,Prospect,2026-04-30,2026-05-12,12,false
OPP-00126,Qualified,2026-05-12,2026-05-24,12,false
OPP-00126,Demo,2026-05-24,,25,true
OPP-00127,Prospect,2025-10-13,2025-10-24,11,false
OPP-00127,Qualified,2025-10-24,2025-11-01,8,true
OPP-00128,Prospect,2025-09-27,2025-10-21,24,false
OPP-00128,Qualified,2025-10-21,2025-11-06,16,false
OPP-00128,Demo,2025-11-06,2025-11-18,12,false
OPP-00128,Proposal,2025-11-18,2025-12-09,21,false
OPP-00128,Commit,2025-12-09,2025-12-26,17,true
OPP-00129,Prospect,2024-05-10,2024-05-24,14,false
OPP-00129,Qualified,2024-05-24,2024-06-02,9,false
OPP-00129,Demo,2024-06-02,2024-06-09,7,false
OPP-00129,Proposal,2024-06-09,2024-06-21,12,false
OPP-00129,Commit,2024-06-21,2024-07-02,11,true
OPP-00130,Prospect,2026-01-17,2026-02-11,25,false
OPP-00130,Qualified,2026-02-11,2026-02-23,12,false
OPP-00130,Demo,2026-02-23,,115,true
OPP-00131,Prospect,2025-06-27,2025-07-12,15,false
OPP-00131,Qualified,2025-07-12,2025-07-22,10,false
OPP-00131,Demo,2025-07-22,2025-07-31,9,true
OPP-00132,Prospect,2026-05-07,2026-05-23,16,false
OPP-00132,Qualified,2026-05-23,2026-06-04,12,false
OPP-00132,Demo,2026-06-04,2026-06-08,4,false
OPP-00132,Proposal,2026-06-08,,10,true
OPP-00133,Prospect,2026-04-29,2026-05-18,19,false
OPP-00133,Qualified,2026-05-18,2026-05-30,12,false
OPP-00133,Demo,2026-05-30,2026-06-03,4,false
OPP-00133,Proposal,2026-06-03,,15,true
OPP-00134,Prospect,2024-10-16,2024-11-07,22,false
OPP-00134,Qualified,2024-11-07,2024-11-22,15,false
OPP-00134,Demo,2024-11-22,2024-12-03,11,false
OPP-00134,Proposal,2024-12-03,2024-12-23,20,false
OPP-00134,Commit,2024-12-23,2025-01-07,15,true
OPP-00135,Prospect,2025-12-02,2025-12-16,14,false
OPP-00135,Qualified,2025-12-16,2025-12-29,13,false
OPP-00135,Demo,2025-12-29,2026-01-07,9,false
OPP-00135,Proposal,2026-01-07,2026-01-23,16,false
OPP-00135,Commit,2026-01-23,,146,true
OPP-00136,Prospect,2024-10-26,2024-11-14,19,false
OPP-00136,Qualified,2024-11-14,2024-11-27,13,false
OPP-00136,Demo,2024-11-27,2024-12-06,9,false
OPP-00136,Proposal,2024-12-06,2024-12-23,17,false
OPP-00136,Commit,2024-12-23,2025-01-06,14,true
OPP-00137,Prospect,2025-07-22,2025-08-20,29,false
OPP-00137,Qualified,2025-08-20,2025-09-08,19,false
OPP-00137,Demo,2025-09-08,2025-09-24,16,true
OPP-00138,Prospect,2025-09-30,2025-10-15,15,false
OPP-00138,Qualified,2025-10-15,2025-10-26,11,true
OPP-00139,Prospect,2025-10-24,2025-10-31,7,false
OPP-00139,Qualified,2025-10-31,2025-11-05,5,false
OPP-00139,Demo,2025-11-05,2025-11-08,3,false
OPP-00139,Proposal,2025-11-08,2025-11-14,6,false
OPP-00139,Commit,2025-11-14,2025-11-21,7,true
OPP-00140,Prospect,2026-06-19,,0,true
OPP-00141,Prospect,2025-12-20,2025-12-31,11,false
OPP-00141,Qualified,2025-12-31,2026-01-19,19,false
OPP-00141,Demo,2026-01-19,2026-01-31,12,false
OPP-00141,Proposal,2026-01-31,,138,true
OPP-00142,Prospect,2026-02-12,2026-02-25,13,false
OPP-00142,Qualified,2026-02-25,,113,true
OPP-00143,Prospect,2025-02-02,2025-03-03,29,false
OPP-00143,Qualified,2025-03-03,2025-03-22,19,false
OPP-00143,Demo,2025-03-22,2025-04-05,14,false
OPP-00143,Proposal,2025-04-05,2025-05-01,26,false
OPP-00143,Commit,2025-05-01,2025-05-21,20,true
OPP-00144,Prospect,2026-04-04,2026-04-20,16,false
OPP-00144,Qualified,2026-04-20,2026-04-30,10,false
OPP-00144,Demo,2026-04-30,2026-05-11,11,false
OPP-00144,Proposal,2026-05-11,,38,true
OPP-00145,Prospect,2025-11-03,2025-11-22,19,false
OPP-00145,Qualified,2025-11-22,2025-12-01,9,false
OPP-00145,Demo,2025-12-01,,199,true
OPP-00146,Prospect,2024-10-23,2024-11-24,32,false
OPP-00146,Qualified,2024-11-24,2024-12-15,21,false
OPP-00146,Demo,2024-12-15,2024-12-31,16,false
OPP-00146,Proposal,2024-12-31,2025-01-29,29,true
OPP-00147,Prospect,2026-03-21,2026-04-07,17,false
OPP-00147,Qualified,2026-04-07,,72,true
OPP-00148,Prospect,2025-02-04,2025-03-08,32,false
OPP-00148,Qualified,2025-03-08,2025-03-29,21,false
OPP-00148,Demo,2025-03-29,2025-04-14,16,false
OPP-00148,Proposal,2025-04-14,2025-05-15,31,true
OPP-00149,Prospect,2023-10-25,2023-11-26,32,false
OPP-00149,Qualified,2023-11-26,2023-12-17,21,false
OPP-00149,Demo,2023-12-17,2024-01-02,16,false
OPP-00149,Proposal,2024-01-02,2024-01-30,28,false
OPP-00149,Commit,2024-01-30,2024-02-21,22,true
OPP-00150,Prospect,2024-08-07,2024-08-26,19,false
OPP-00150,Qualified,2024-08-26,2024-09-09,14,true
OPP-00151,Prospect,2024-12-31,2025-01-18,18,true
OPP-00152,Prospect,2023-12-30,2024-01-22,23,false
OPP-00152,Qualified,2024-01-22,2024-02-06,15,false
OPP-00152,Demo,2024-02-06,2024-02-17,11,false
OPP-00152,Proposal,2024-02-17,2024-03-08,20,false
OPP-00152,Commit,2024-03-08,2024-03-24,16,true
OPP-00153,Prospect,2026-02-01,2026-02-28,27,false
OPP-00153,Qualified,2026-02-28,2026-03-13,13,false
OPP-00153,Demo,2026-03-13,,97,true
OPP-00154,Prospect,2026-03-07,2026-03-16,9,false
OPP-00154,Qualified,2026-03-16,2026-03-27,11,false
OPP-00154,Demo,2026-03-27,2026-03-31,4,false
OPP-00154,Proposal,2026-03-31,2026-04-25,25,false
OPP-00154,Commit,2026-04-25,,54,true
OPP-00155,Prospect,2025-06-10,2025-06-17,7,false
OPP-00155,Qualified,2025-06-17,2025-06-22,5,false
OPP-00155,Demo,2025-06-22,2025-06-25,3,false
OPP-00155,Proposal,2025-06-25,2025-07-02,7,false
OPP-00155,Commit,2025-07-02,2025-07-09,7,true
OPP-00156,Prospect,2023-12-08,2024-01-04,27,false
OPP-00156,Qualified,2024-01-04,2024-01-22,18,false
OPP-00156,Demo,2024-01-22,2024-02-04,13,false
OPP-00156,Proposal,2024-02-04,2024-03-02,27,true
OPP-00157,Prospect,2024-03-19,2024-03-31,12,false
OPP-00157,Qualified,2024-03-31,2024-04-08,8,false
OPP-00157,Demo,2024-04-08,2024-04-14,6,false
OPP-00157,Proposal,2024-04-14,2024-04-25,11,false
OPP-00157,Commit,2024-04-25,2024-05-04,9,true
OPP-00158,Prospect,2024-05-07,2024-05-19,12,false
OPP-00158,Qualified,2024-05-19,2024-05-27,8,false
OPP-00158,Demo,2024-05-27,2024-06-02,6,false
OPP-00158,Proposal,2024-06-02,2024-06-13,11,false
OPP-00158,Commit,2024-06-13,2024-06-23,10,true
OPP-00159,Prospect,2024-03-01,2024-03-15,14,false
OPP-00159,Qualified,2024-03-15,2024-03-25,10,true
OPP-00160,Prospect,2024-06-21,2024-07-01,10,false
OPP-00160,Qualified,2024-07-01,2024-07-07,6,false
OPP-00160,Demo,2024-07-07,2024-07-12,5,false
OPP-00160,Proposal,2024-07-12,2024-07-20,8,false
OPP-00160,Commit,2024-07-20,2024-07-28,8,true
OPP-00161,Prospect,2024-11-18,2024-12-23,35,false
OPP-00161,Qualified,2024-12-23,2025-01-15,23,false
OPP-00161,Demo,2025-01-15,2025-02-01,17,false
OPP-00161,Proposal,2025-02-01,2025-03-04,31,false
OPP-00161,Commit,2025-03-04,2025-03-28,24,true
OPP-00162,Prospect,2026-04-03,2026-04-16,13,false
OPP-00162,Qualified,2026-04-16,,63,true
OPP-00163,Prospect,2026-07-28,2026-08-14,17,false
OPP-00163,Qualified,2026-08-14,,0,true
OPP-00164,Prospect,2026-05-05,2026-05-27,22,false
OPP-00164,Qualified,2026-05-27,,22,true
OPP-00165,Prospect,2026-02-27,2026-03-10,11,false
OPP-00165,Qualified,2026-03-10,2026-03-20,10,false
OPP-00165,Demo,2026-03-20,,90,true
OPP-00166,Prospect,2025-12-01,,199,true
OPP-00167,Prospect,2026-01-25,,144,true
OPP-00168,Prospect,2026-04-05,2026-04-15,10,false
OPP-00168,Qualified,2026-04-15,2026-04-28,13,false
OPP-00168,Demo,2026-04-28,,51,true
OPP-00169,Prospect,2025-09-11,,280,true
OPP-00170,Prospect,2025-11-07,2025-11-17,10,false
OPP-00170,Qualified,2025-11-17,2025-11-28,11,false
OPP-00170,Demo,2025-11-28,,202,true
OPP-00171,Prospect,2024-09-19,2024-10-01,12,false
OPP-00171,Qualified,2024-10-01,2024-10-09,8,false
OPP-00171,Demo,2024-10-09,2024-10-15,6,false
OPP-00171,Proposal,2024-10-15,2024-10-25,10,false
OPP-00171,Commit,2024-10-25,2024-11-03,9,true
OPP-00172,Prospect,2024-02-11,2024-03-01,19,false
OPP-00172,Qualified,2024-03-01,2024-03-14,13,false
OPP-00172,Demo,2024-03-14,2024-03-23,9,false
OPP-00172,Proposal,2024-03-23,2024-04-09,17,false
OPP-00172,Commit,2024-04-09,2024-04-23,14,true
OPP-00173,Prospect,2024-11-26,2024-12-14,18,false
OPP-00173,Qualified,2024-12-14,2024-12-26,12,false
OPP-00173,Demo,2024-12-26,2025-01-04,9,false
OPP-00173,Proposal,2025-01-04,2025-01-20,16,false
OPP-00173,Commit,2025-01-20,2025-01-31,11,true
OPP-00174,Prospect,2025-11-09,,221,true
OPP-00175,Prospect,2026-05-25,2026-06-07,13,false
OPP-00175,Qualified,2026-06-07,2026-06-15,8,false
OPP-00175,Demo,2026-06-15,2026-06-23,8,false
OPP-00175,Proposal,2026-06-23,,0,true
OPP-00176,Prospect,2025-02-05,2025-02-20,15,true
OPP-00177,Prospect,2026-02-01,,137,true
OPP-00178,Prospect,2024-10-24,2024-10-31,7,true
OPP-00179,Prospect,2023-12-12,2023-12-24,12,false
OPP-00179,Qualified,2023-12-24,2024-01-02,9,true
OPP-00180,Prospect,2024-01-16,2024-02-08,23,false
OPP-00180,Qualified,2024-02-08,2024-02-23,15,false
OPP-00180,Demo,2024-02-23,2024-03-05,11,false
OPP-00180,Proposal,2024-03-05,2024-03-25,20,false
OPP-00180,Commit,2024-03-25,2024-04-11,17,true
OPP-00181,Prospect,2025-05-16,2025-06-23,38,false
OPP-00181,Qualified,2025-06-23,2025-07-18,25,false
OPP-00181,Demo,2025-07-18,2025-08-06,19,false
OPP-00181,Proposal,2025-08-06,2025-09-08,33,false
OPP-00181,Commit,2025-09-08,2025-10-03,25,true
OPP-00182,Prospect,2026-01-13,,156,true
OPP-00183,Prospect,2025-01-27,2025-02-08,12,true
OPP-00184,Prospect,2025-04-23,2025-05-06,13,false
OPP-00184,Qualified,2025-05-06,2025-05-14,8,false
OPP-00184,Demo,2025-05-14,2025-05-20,6,false
OPP-00184,Proposal,2025-05-20,2025-06-03,14,true
OPP-00185,Prospect,2024-02-10,2024-03-08,27,false
OPP-00185,Qualified,2024-03-08,2024-03-26,18,false
OPP-00185,Demo,2024-03-26,2024-04-08,13,false
OPP-00185,Proposal,2024-04-08,2024-05-02,24,false
OPP-00185,Commit,2024-05-02,2024-05-21,19,true
OPP-00186,Prospect,2024-12-10,2025-01-09,30,false
OPP-00186,Qualified,2025-01-09,2025-01-29,20,false
OPP-00186,Demo,2025-01-29,2025-02-13,15,true
OPP-00187,Prospect,2026-05-10,2026-06-05,26,false
OPP-00187,Qualified,2026-06-05,2026-06-15,10,false
OPP-00187,Demo,2026-06-15,,3,true
OPP-00188,Prospect,2026-02-17,2026-03-07,18,false
OPP-00188,Qualified,2026-03-07,2026-03-22,15,false
OPP-00188,Demo,2026-03-22,2026-03-30,8,false
OPP-00188,Proposal,2026-03-30,2026-04-20,21,false
OPP-00188,Commit,2026-04-20,,59,true
OPP-00189,Prospect,2025-08-28,,294,true
OPP-00190,Prospect,2026-01-24,2026-02-13,20,false
OPP-00190,Qualified,2026-02-13,,125,true
OPP-00191,Prospect,2026-06-13,2026-06-28,15,false
OPP-00191,Qualified,2026-06-28,2026-07-07,9,false
OPP-00191,Demo,2026-07-07,2026-07-21,14,false
OPP-00191,Proposal,2026-07-21,,0,true
OPP-00192,Prospect,2023-12-24,2024-01-28,35,false
OPP-00192,Qualified,2024-01-28,2024-02-20,23,false
OPP-00192,Demo,2024-02-20,2024-03-08,17,false
OPP-00192,Proposal,2024-03-08,2024-04-08,31,false
OPP-00192,Commit,2024-04-08,2024-05-01,23,true
OPP-00193,Prospect,2026-03-01,,109,true
OPP-00194,Prospect,2023-10-19,2023-11-11,23,false
OPP-00194,Qualified,2023-11-11,2023-11-26,15,false
OPP-00194,Demo,2023-11-26,2023-12-07,11,false
OPP-00194,Proposal,2023-12-07,2023-12-27,20,false
OPP-00194,Commit,2023-12-27,2024-01-13,17,true
OPP-00195,Prospect,2024-05-22,2024-06-02,11,true
OPP-00196,Prospect,2024-07-04,2024-08-11,38,false
OPP-00196,Qualified,2024-08-11,2024-09-05,25,false
OPP-00196,Demo,2024-09-05,2024-09-24,19,false
OPP-00196,Proposal,2024-09-24,2024-10-28,34,false
OPP-00196,Commit,2024-10-28,2024-11-23,26,true
OPP-00197,Prospect,2026-04-08,2026-04-25,17,false
OPP-00197,Qualified,2026-04-25,2026-05-07,12,false
OPP-00197,Demo,2026-05-07,2026-05-20,13,false
OPP-00197,Proposal,2026-05-20,2026-05-31,11,false
OPP-00197,Commit,2026-05-31,,18,true
OPP-00198,Prospect,2025-09-18,2025-09-30,12,false
OPP-00198,Qualified,2025-09-30,2025-10-09,9,false
OPP-00198,Demo,2025-10-09,2025-10-17,8,false
OPP-00198,Proposal,2025-10-17,,244,true
OPP-00199,Prospect,2025-10-31,2025-11-19,19,false
OPP-00199,Qualified,2025-11-19,,211,true
OPP-00200,Prospect,2026-01-29,2026-02-14,16,false
OPP-00200,Qualified,2026-02-14,2026-02-25,11,false
OPP-00200,Demo,2026-02-25,2026-03-05,8,false
OPP-00200,Proposal,2026-03-05,,105,true
OPP-00201,Prospect,2025-03-06,2025-04-15,40,false
OPP-00201,Qualified,2025-04-15,2025-05-12,27,false
OPP-00201,Demo,2025-05-12,2025-06-01,20,false
OPP-00201,Proposal,2025-06-01,2025-07-07,36,false
OPP-00201,Commit,2025-07-07,2025-08-02,26,true
OPP-00202,Prospect,2025-01-07,2025-01-17,10,false
OPP-00202,Qualified,2025-01-17,2025-01-24,7,true
OPP-00203,Prospect,2025-10-19,2025-10-31,12,false
OPP-00203,Qualified,2025-10-31,,230,true
OPP-00204,Prospect,2024-05-18,2024-05-28,10,false
OPP-00204,Qualified,2024-05-28,2024-06-03,6,false
OPP-00204,Demo,2024-06-03,2024-06-09,6,true
OPP-00205,Prospect,2026-04-26,,53,true
OPP-00206,Prospect,2024-11-09,2024-12-07,28,false
OPP-00206,Qualified,2024-12-07,2024-12-26,19,false
OPP-00206,Demo,2024-12-26,2025-01-09,14,false
OPP-00206,Proposal,2025-01-09,2025-02-03,25,false
OPP-00206,Commit,2025-02-03,2025-02-22,19,true
OPP-00207,Prospect,2026-04-13,2026-04-24,11,false
OPP-00207,Qualified,2026-04-24,2026-05-09,15,false
OPP-00207,Demo,2026-05-09,,40,true
OPP-00208,Prospect,2026-01-06,2026-01-16,10,false
OPP-00208,Qualified,2026-01-16,2026-01-25,9,false
OPP-00208,Demo,2026-01-25,,144,true
OPP-00209,Prospect,2025-08-21,2025-09-01,11,false
OPP-00209,Qualified,2025-09-01,2025-09-08,7,false
OPP-00209,Demo,2025-09-08,2025-09-13,5,false
OPP-00209,Proposal,2025-09-13,2025-09-22,9,false
OPP-00209,Commit,2025-09-22,2025-10-01,9,true
OPP-00210,Prospect,2024-04-19,2024-05-23,34,false
OPP-00210,Qualified,2024-05-23,2024-06-15,23,false
OPP-00210,Demo,2024-06-15,2024-07-02,17,false
OPP-00210,Proposal,2024-07-02,2024-08-03,32,true
OPP-00211,Prospect,2023-12-12,2023-12-22,10,true
OPP-00212,Prospect,2025-08-22,2025-09-03,12,false
OPP-00212,Qualified,2025-09-03,2025-09-11,8,false
OPP-00212,Demo,2025-09-11,2025-09-17,6,false
OPP-00212,Proposal,2025-09-17,2025-09-27,10,false
OPP-00212,Commit,2025-09-27,2025-10-05,8,true
OPP-00213,Prospect,2025-10-31,2025-11-25,25,false
OPP-00213,Qualified,2025-11-25,2025-12-06,11,false
OPP-00213,Demo,2025-12-06,,194,true
OPP-00214,Prospect,2024-08-23,2024-09-27,35,false
OPP-00214,Qualified,2024-09-27,2024-10-20,23,false
OPP-00214,Demo,2024-10-20,2024-11-08,19,true
OPP-00215,Prospect,2025-07-20,2025-08-16,27,false
OPP-00215,Qualified,2025-08-16,2025-09-03,18,false
OPP-00215,Demo,2025-09-03,2025-09-16,13,false
OPP-00215,Proposal,2025-09-16,2025-10-10,24,false
OPP-00215,Commit,2025-10-10,2025-10-27,17,true
OPP-00216,Prospect,2025-12-20,2026-01-15,26,false
OPP-00216,Qualified,2026-01-15,2026-01-21,6,false
OPP-00216,Demo,2026-01-21,2026-02-02,12,false
OPP-00216,Proposal,2026-02-02,,136,true
OPP-00217,Prospect,2026-01-04,2026-01-21,17,false
OPP-00217,Qualified,2026-01-21,2026-02-03,13,false
OPP-00217,Demo,2026-02-03,,135,true
OPP-00218,Prospect,2024-03-29,2024-04-25,27,false
OPP-00218,Qualified,2024-04-25,2024-05-13,18,false
OPP-00218,Demo,2024-05-13,2024-05-26,13,false
OPP-00218,Proposal,2024-05-26,2024-06-19,24,false
OPP-00218,Commit,2024-06-19,2024-07-09,20,true
OPP-00219,Prospect,2025-07-12,2025-07-25,13,false
OPP-00219,Qualified,2025-07-25,2025-08-02,8,false
OPP-00219,Demo,2025-08-02,2025-08-08,6,false
OPP-00219,Proposal,2025-08-08,2025-08-19,11,false
OPP-00219,Commit,2025-08-19,2025-08-29,10,true
OPP-00220,Prospect,2025-09-18,2025-09-26,8,false
OPP-00220,Qualified,2025-09-26,2025-10-01,5,false
OPP-00220,Demo,2025-10-01,2025-10-05,4,false
OPP-00220,Proposal,2025-10-05,2025-10-12,7,false
OPP-00220,Commit,2025-10-12,2025-10-20,8,true
OPP-00221,Prospect,2024-10-28,2024-11-30,33,false
OPP-00221,Qualified,2024-11-30,2024-12-22,22,false
OPP-00221,Demo,2024-12-22,2025-01-07,16,false
OPP-00221,Proposal,2025-01-07,2025-02-05,29,false
OPP-00221,Commit,2025-02-05,2025-02-27,22,true
OPP-00222,Prospect,2025-06-30,2025-07-25,25,false
OPP-00222,Qualified,2025-07-25,2025-08-10,16,false
OPP-00222,Demo,2025-08-10,2025-08-22,12,false
OPP-00222,Proposal,2025-08-22,2025-09-13,22,false
OPP-00222,Commit,2025-09-13,2025-09-30,17,true
OPP-00223,Prospect,2025-03-28,2025-04-19,22,false
OPP-00223,Qualified,2025-04-19,2025-05-04,15,true
OPP-00224,Prospect,2025-11-09,2025-11-20,11,false
OPP-00224,Qualified,2025-11-20,2025-12-12,22,false
OPP-00224,Demo,2025-12-12,2025-12-20,8,false
OPP-00224,Proposal,2025-12-20,,180,true
OPP-00225,Prospect,2025-03-07,2025-03-18,11,false
OPP-00225,Qualified,2025-03-18,2025-03-25,7,false
OPP-00225,Demo,2025-03-25,2025-03-30,5,false
OPP-00225,Proposal,2025-03-30,2025-04-08,9,false
OPP-00225,Commit,2025-04-08,2025-04-17,9,true
OPP-00226,Prospect,2023-12-12,2024-01-21,40,false
OPP-00226,Qualified,2024-01-21,2024-02-17,27,false
OPP-00226,Demo,2024-02-17,2024-03-08,20,false
OPP-00226,Proposal,2024-03-08,2024-04-13,36,false
OPP-00226,Commit,2024-04-13,2024-05-10,27,true
OPP-00227,Prospect,2026-02-26,2026-03-09,11,false
OPP-00227,Qualified,2026-03-09,2026-03-21,12,false
OPP-00227,Demo,2026-03-21,,89,true
OPP-00228,Prospect,2025-02-21,2025-03-05,12,false
OPP-00228,Qualified,2025-03-05,2025-03-13,8,false
OPP-00228,Demo,2025-03-13,2025-03-19,6,false
OPP-00228,Proposal,2025-03-19,2025-03-30,11,false
OPP-00228,Commit,2025-03-30,2025-04-09,10,true
OPP-00229,Prospect,2025-04-28,2025-05-30,32,false
OPP-00229,Qualified,2025-05-30,2025-06-20,21,false
OPP-00229,Demo,2025-06-20,2025-07-06,16,false
OPP-00229,Proposal,2025-07-06,2025-08-04,29,false
OPP-00229,Commit,2025-08-04,2025-08-26,22,true
OPP-00230,Prospect,2026-01-07,,162,true
OPP-00231,Prospect,2025-10-13,2025-10-27,14,false
OPP-00231,Qualified,2025-10-27,2025-11-05,9,false
OPP-00231,Demo,2025-11-05,2025-11-12,7,false
OPP-00231,Proposal,2025-11-12,2025-11-24,12,false
OPP-00231,Commit,2025-11-24,2025-12-05,11,true
OPP-00232,Prospect,2023-10-06,2023-11-01,26,false
OPP-00232,Qualified,2023-11-01,2023-11-18,17,false
OPP-00232,Demo,2023-11-18,2023-12-02,14,true
OPP-00233,Prospect,2026-07-09,2026-07-25,16,false
OPP-00233,Qualified,2026-07-25,,0,true
OPP-00234,Prospect,2023-12-27,2024-01-14,18,false
OPP-00234,Qualified,2024-01-14,2024-01-26,12,false
OPP-00234,Demo,2024-01-26,2024-02-04,9,false
OPP-00234,Proposal,2024-02-04,2024-02-20,16,false
OPP-00234,Commit,2024-02-20,2024-03-05,14,true
OPP-00235,Prospect,2024-08-10,2024-08-28,18,true
OPP-00236,Prospect,2025-12-11,2025-12-19,8,false
OPP-00236,Qualified,2025-12-19,2025-12-28,9,false
OPP-00236,Demo,2025-12-28,2026-01-01,4,false
OPP-00236,Proposal,2026-01-01,,168,true
OPP-00237,Prospect,2024-06-30,2024-08-08,39,false
OPP-00237,Qualified,2024-08-08,2024-09-03,26,false
OPP-00237,Demo,2024-09-03,2024-09-22,19,false
OPP-00237,Proposal,2024-09-22,2024-10-27,35,false
OPP-00237,Commit,2024-10-27,2024-11-23,27,true
OPP-00238,Prospect,2026-01-24,2026-02-12,19,false
OPP-00238,Qualified,2026-02-12,2026-02-17,5,false
OPP-00238,Demo,2026-02-17,2026-02-26,9,false
OPP-00238,Proposal,2026-02-26,,112,true
OPP-00239,Prospect,2025-10-22,,239,true
OPP-00240,Prospect,2023-12-30,2024-01-11,12,false
OPP-00240,Qualified,2024-01-11,2024-01-19,8,false
OPP-00240,Demo,2024-01-19,2024-01-25,6,false
OPP-00240,Proposal,2024-01-25,2024-02-05,11,false
OPP-00240,Commit,2024-02-05,2024-02-14,9,true
OPP-00241,Prospect,2026-04-03,2026-04-17,14,false
OPP-00241,Qualified,2026-04-17,2026-04-29,12,false
OPP-00241,Demo,2026-04-29,2026-05-06,7,false
OPP-00241,Proposal,2026-05-06,,43,true
OPP-00242,Prospect,2025-12-20,2026-01-14,25,false
OPP-00242,Qualified,2026-01-14,2026-01-27,13,false
OPP-00242,Demo,2026-01-27,2026-02-03,7,false
OPP-00242,Proposal,2026-02-03,,135,true
OPP-00243,Prospect,2024-08-26,2024-09-04,9,false
OPP-00243,Qualified,2024-09-04,2024-09-10,6,false
OPP-00243,Demo,2024-09-10,2024-09-16,6,true
OPP-00244,Prospect,2024-08-09,2024-08-18,9,false
OPP-00244,Qualified,2024-08-18,2024-08-24,6,false
OPP-00244,Demo,2024-08-24,2024-08-28,4,false
OPP-00244,Proposal,2024-08-28,2024-09-05,8,false
OPP-00244,Commit,2024-09-05,2024-09-14,9,true
OPP-00245,Prospect,2026-01-24,2026-02-15,22,false
OPP-00245,Qualified,2026-02-15,2026-02-20,5,false
OPP-00245,Demo,2026-02-20,2026-03-03,11,false
OPP-00245,Proposal,2026-03-03,,107,true
OPP-00246,Prospect,2026-03-08,,102,true
OPP-00247,Prospect,2026-02-24,2026-03-19,23,false
OPP-00247,Qualified,2026-03-19,,91,true
OPP-00248,Prospect,2026-07-17,2026-07-26,9,false
OPP-00248,Qualified,2026-07-26,,0,true
OPP-00249,Prospect,2024-09-09,2024-09-30,21,false
OPP-00249,Qualified,2024-09-30,2024-10-14,14,false
OPP-00249,Demo,2024-10-14,2024-10-24,10,false
OPP-00249,Proposal,2024-10-24,2024-11-11,18,false
OPP-00249,Commit,2024-11-11,2024-11-25,14,true
OPP-00250,Prospect,2023-12-10,2023-12-31,21,false
OPP-00250,Qualified,2023-12-31,2024-01-14,14,false
OPP-00250,Demo,2024-01-14,2024-01-24,10,false
OPP-00250,Proposal,2024-01-24,2024-02-12,19,false
OPP-00250,Commit,2024-02-12,2024-02-28,16,true
OPP-00251,Prospect,2025-03-15,2025-04-15,31,false
OPP-00251,Qualified,2025-04-15,2025-05-05,20,false
OPP-00251,Demo,2025-05-05,2025-05-20,15,false
OPP-00251,Proposal,2025-05-20,2025-06-16,27,false
OPP-00251,Commit,2025-06-16,2025-07-07,21,true
OPP-00252,Prospect,2025-10-06,2025-10-19,13,false
OPP-00252,Qualified,2025-10-19,2025-10-28,9,false
OPP-00252,Demo,2025-10-28,2025-11-03,6,false
OPP-00252,Proposal,2025-11-03,2025-11-15,12,false
OPP-00252,Commit,2025-11-15,2025-11-26,11,true
OPP-00253,Prospect,2024-06-30,2024-08-14,45,false
OPP-00253,Qualified,2024-08-14,2024-09-13,30,false
OPP-00253,Demo,2024-09-13,2024-10-06,23,true
OPP-00254,Prospect,2025-12-04,2025-12-26,22,false
OPP-00254,Qualified,2025-12-26,2026-01-04,9,false
OPP-00254,Demo,2026-01-04,,165,true
OPP-00255,Prospect,2025-03-03,2025-03-28,25,false
OPP-00255,Qualified,2025-03-28,2025-04-14,17,false
OPP-00255,Demo,2025-04-14,2025-04-26,12,false
OPP-00255,Proposal,2025-04-26,2025-05-18,22,false
OPP-00255,Commit,2025-05-18,2025-06-05,18,true
OPP-00256,Prospect,2026-02-24,,114,true
OPP-00257,Prospect,2025-09-14,2025-09-26,12,false
OPP-00257,Qualified,2025-09-26,,265,true
OPP-00258,Prospect,2025-12-15,2026-01-01,17,false
OPP-00258,Qualified,2026-01-01,2026-01-18,17,false
OPP-00258,Demo,2026-01-18,2026-01-24,6,false
OPP-00258,Proposal,2026-01-24,2026-02-04,11,false
OPP-00258,Commit,2026-02-04,,134,true
OPP-00259,Prospect,2025-09-20,2025-10-04,14,false
OPP-00259,Qualified,2025-10-04,2025-10-17,13,false
OPP-00259,Demo,2025-10-17,2025-10-27,10,false
OPP-00259,Proposal,2025-10-27,,234,true
OPP-00260,Prospect,2023-11-17,2023-12-14,27,false
OPP-00260,Qualified,2023-12-14,2024-01-01,18,false
OPP-00260,Demo,2024-01-01,2024-01-14,13,false
OPP-00260,Proposal,2024-01-14,2024-02-07,24,false
OPP-00260,Commit,2024-02-07,2024-02-26,19,true
OPP-00261,Prospect,2026-07-28,2026-08-19,22,false
OPP-00261,Qualified,2026-08-19,,0,true
OPP-00262,Prospect,2025-08-27,2025-09-14,18,false
OPP-00262,Qualified,2025-09-14,2025-09-26,12,false
OPP-00262,Demo,2025-09-26,2025-10-05,9,false
OPP-00262,Proposal,2025-10-05,2025-10-23,18,true
OPP-00263,Prospect,2026-04-18,2026-05-06,18,false
OPP-00263,Qualified,2026-05-06,2026-05-20,14,false
OPP-00263,Demo,2026-05-20,2026-05-29,9,false
OPP-00263,Proposal,2026-05-29,,20,true
OPP-00264,Prospect,2025-10-29,2025-11-19,21,false
OPP-00264,Qualified,2025-11-19,2025-11-26,7,false
OPP-00264,Demo,2025-11-26,,204,true
OPP-00265,Prospect,2025-02-06,2025-03-10,32,false
OPP-00265,Qualified,2025-03-10,2025-03-31,21,false
OPP-00265,Demo,2025-03-31,2025-04-16,16,false
OPP-00265,Proposal,2025-04-16,2025-05-15,29,false
OPP-00265,Commit,2025-05-15,2025-06-06,22,true
OPP-00266,Prospect,2025-05-10,2025-05-31,21,true
OPP-00267,Prospect,2024-04-12,2024-05-21,39,false
OPP-00267,Qualified,2024-05-21,2024-06-16,26,false
OPP-00267,Demo,2024-06-16,2024-07-05,19,false
OPP-00267,Proposal,2024-07-05,2024-08-08,34,false
OPP-00267,Commit,2024-08-08,2024-09-03,26,true
OPP-00268,Prospect,2025-03-09,2025-03-19,10,false
OPP-00268,Qualified,2025-03-19,2025-03-25,6,false
OPP-00268,Demo,2025-03-25,2025-03-30,5,false
OPP-00268,Proposal,2025-03-30,2025-04-07,8,false
OPP-00268,Commit,2025-04-07,2025-04-15,8,true
OPP-00269,Prospect,2025-11-09,2025-11-20,11,false
OPP-00269,Qualified,2025-11-20,2025-11-27,7,false
OPP-00269,Demo,2025-11-27,2025-12-02,5,false
OPP-00269,Proposal,2025-12-02,2025-12-11,9,false
OPP-00269,Commit,2025-12-11,2025-12-20,9,true
OPP-00270,Prospect,2025-09-26,2025-10-16,20,false
OPP-00270,Qualified,2025-10-16,,245,true
OPP-00271,Prospect,2024-03-03,2024-04-17,45,false
OPP-00271,Qualified,2024-04-17,2024-05-17,30,false
OPP-00271,Demo,2024-05-17,2024-06-08,22,false
OPP-00271,Proposal,2024-06-08,2024-07-18,40,false
OPP-00271,Commit,2024-07-18,2024-08-17,30,true
OPP-00272,Prospect,2025-02-05,2025-02-26,21,false
OPP-00272,Qualified,2025-02-26,2025-03-12,14,false
OPP-00272,Demo,2025-03-12,2025-03-22,10,false
OPP-00272,Proposal,2025-03-22,2025-04-09,18,false
OPP-00272,Commit,2025-04-09,2025-04-24,15,true
OPP-00273,Prospect,2024-03-21,2024-04-24,34,false
OPP-00273,Qualified,2024-04-24,2024-05-17,23,false
OPP-00273,Demo,2024-05-17,2024-06-03,17,false
OPP-00273,Proposal,2024-06-03,2024-07-03,30,false
OPP-00273,Commit,2024-07-03,2024-07-26,23,true
OPP-00274,Prospect,2026-02-10,2026-03-04,22,false
OPP-00274,Qualified,2026-03-04,2026-03-12,8,false
OPP-00274,Demo,2026-03-12,2026-03-24,12,false
OPP-00274,Proposal,2026-03-24,2026-04-09,16,false
OPP-00274,Commit,2026-04-09,,70,true
OPP-00275,Prospect,2025-12-17,2025-12-28,11,false
OPP-00275,Qualified,2025-12-28,2026-01-11,14,false
OPP-00275,Demo,2026-01-11,2026-01-22,11,false
OPP-00275,Proposal,2026-01-22,2026-02-17,26,false
OPP-00275,Commit,2026-02-17,,121,true
OPP-00276,Prospect,2026-04-26,2026-05-09,13,false
OPP-00276,Qualified,2026-05-09,2026-05-21,12,false
OPP-00276,Demo,2026-05-21,,28,true
OPP-00277,Prospect,2026-07-24,2026-08-05,12,false
OPP-00277,Qualified,2026-08-05,2026-08-19,14,false
OPP-00277,Demo,2026-08-19,2026-08-27,8,false
OPP-00277,Proposal,2026-08-27,,0,true
OPP-00278,Prospect,2025-07-24,2025-08-20,27,false
OPP-00278,Qualified,2025-08-20,2025-09-07,18,false
OPP-00278,Demo,2025-09-07,2025-09-20,13,false
OPP-00278,Proposal,2025-09-20,2025-10-14,24,false
OPP-00278,Commit,2025-10-14,2025-11-03,20,true
OPP-00279,Prospect,2026-02-12,2026-03-03,19,false
OPP-00279,Qualified,2026-03-03,,107,true
OPP-00280,Prospect,2025-10-28,2025-11-19,22,false
OPP-00280,Qualified,2025-11-19,,211,true
OPP-00281,Prospect,2024-07-11,2024-08-20,40,false
OPP-00281,Qualified,2024-08-20,2024-09-16,27,false
OPP-00281,Demo,2024-09-16,2024-10-06,20,false
OPP-00281,Proposal,2024-10-06,2024-11-11,36,false
OPP-00281,Commit,2024-11-11,2024-12-08,27,true
OPP-00282,Prospect,2026-01-04,2026-01-24,20,false
OPP-00282,Qualified,2026-01-24,2026-02-12,19,false
OPP-00282,Demo,2026-02-12,,126,true
OPP-00283,Prospect,2026-07-23,2026-07-28,5,false
OPP-00283,Qualified,2026-07-28,2026-08-04,7,false
OPP-00283,Demo,2026-08-04,,0,true
OPP-00284,Prospect,2025-03-12,2025-03-30,18,false
OPP-00284,Qualified,2025-03-30,2025-04-11,12,false
OPP-00284,Demo,2025-04-11,2025-04-20,9,false
OPP-00284,Proposal,2025-04-20,2025-05-06,16,false
OPP-00284,Commit,2025-05-06,2025-05-18,12,true
OPP-00285,Prospect,2024-05-13,2024-06-22,40,false
OPP-00285,Qualified,2024-06-22,2024-07-19,27,false
OPP-00285,Demo,2024-07-19,2024-08-09,21,true
OPP-00286,Prospect,2025-11-13,,217,true
OPP-00287,Prospect,2024-02-05,2024-02-15,10,false
OPP-00287,Qualified,2024-02-15,2024-02-21,6,false
OPP-00287,Demo,2024-02-21,2024-02-26,5,false
OPP-00287,Proposal,2024-02-26,2024-03-07,10,true
OPP-00288,Prospect,2024-12-07,2024-12-23,16,false
OPP-00288,Qualified,2024-12-23,2025-01-02,10,false
OPP-00288,Demo,2025-01-02,2025-01-10,8,false
OPP-00288,Proposal,2025-01-10,2025-01-24,14,false
OPP-00288,Commit,2025-01-24,2025-02-05,12,true
OPP-00289,Prospect,2025-04-16,2025-05-07,21,false
OPP-00289,Qualified,2025-05-07,2025-05-21,14,false
OPP-00289,Demo,2025-05-21,2025-05-31,10,false
OPP-00289,Proposal,2025-05-31,2025-06-18,18,false
OPP-00289,Commit,2025-06-18,2025-07-03,15,true
OPP-00290,Prospect,2024-06-04,2024-06-24,20,false
OPP-00290,Qualified,2024-06-24,2024-07-07,13,false
OPP-00290,Demo,2024-07-07,2024-07-17,10,false
OPP-00290,Proposal,2024-07-17,2024-08-04,18,false
OPP-00290,Commit,2024-08-04,2024-08-19,15,true
OPP-00291,Prospect,2024-08-04,2024-08-16,12,false
OPP-00291,Qualified,2024-08-16,2024-08-24,8,false
OPP-00291,Demo,2024-08-24,2024-08-30,6,false
OPP-00291,Proposal,2024-08-30,2024-09-10,11,false
OPP-00291,Commit,2024-09-10,2024-09-20,10,true
OPP-00292,Prospect,2026-05-08,2026-05-14,6,false
OPP-00292,Qualified,2026-05-14,2026-05-24,10,false
OPP-00292,Demo,2026-05-24,,25,true
OPP-00293,Prospect,2026-05-22,2026-06-13,22,false
OPP-00293,Qualified,2026-06-13,2026-06-25,12,false
OPP-00293,Demo,2026-06-25,,0,true
OPP-00294,Prospect,2024-06-30,2024-08-10,41,false
OPP-00294,Qualified,2024-08-10,2024-09-06,27,false
OPP-00294,Demo,2024-09-06,2024-09-26,20,false
OPP-00294,Proposal,2024-09-26,2024-11-01,36,false
OPP-00294,Commit,2024-11-01,2024-11-29,28,true
OPP-00295,Prospect,2026-07-23,2026-08-14,22,false
OPP-00295,Qualified,2026-08-14,2026-08-27,13,false
OPP-00295,Demo,2026-08-27,2026-09-06,10,false
OPP-00295,Proposal,2026-09-06,2026-09-23,17,false
OPP-00295,Commit,2026-09-23,,0,true
OPP-00296,Prospect,2025-04-28,2025-05-18,20,true
OPP-00297,Prospect,2025-09-13,2025-09-20,7,true
OPP-00298,Prospect,2025-06-22,2025-07-17,25,false
OPP-00298,Qualified,2025-07-17,2025-08-03,17,false
OPP-00298,Demo,2025-08-03,2025-08-15,12,false
OPP-00298,Proposal,2025-08-15,2025-09-07,23,false
OPP-00298,Commit,2025-09-07,2025-09-25,18,true
OPP-00299,Prospect,2026-04-14,,65,true
OPP-00300,Prospect,2026-01-17,2026-01-31,14,false
OPP-00300,Qualified,2026-01-31,2026-02-13,13,false
OPP-00300,Demo,2026-02-13,2026-02-24,11,false
OPP-00300,Proposal,2026-02-24,,114,true
OPP-00301,Prospect,2025-08-17,2025-09-06,20,true
OPP-00302,Prospect,2026-03-06,,104,true
OPP-00303,Prospect,2026-05-28,2026-06-21,24,false
OPP-00303,Qualified,2026-06-21,2026-07-08,17,false
OPP-00303,Demo,2026-07-08,2026-07-14,6,false
OPP-00303,Proposal,2026-07-14,2026-08-02,19,false
OPP-00303,Commit,2026-08-02,,0,true
OPP-00304,Prospect,2024-07-18,2024-08-16,29,false
OPP-00304,Qualified,2024-08-16,2024-09-04,19,false
OPP-00304,Demo,2024-09-04,2024-09-18,14,false
OPP-00304,Proposal,2024-09-18,2024-10-14,26,false
OPP-00304,Commit,2024-10-14,2024-11-03,20,true
OPP-00305,Prospect,2026-05-08,2026-05-28,20,false
OPP-00305,Qualified,2026-05-28,2026-06-12,15,false
OPP-00305,Demo,2026-06-12,2026-06-22,10,false
OPP-00305,Proposal,2026-06-22,,0,true
OPP-00306,Prospect,2026-05-17,2026-06-11,25,false
OPP-00306,Qualified,2026-06-11,2026-06-18,7,false
OPP-00306,Demo,2026-06-18,2026-06-19,1,false
OPP-00306,Proposal,2026-06-19,2026-07-09,20,false
OPP-00306,Commit,2026-07-09,,0,true
OPP-00307,Prospect,2023-11-22,2023-12-06,14,false
OPP-00307,Qualified,2023-12-06,2023-12-15,9,false
OPP-00307,Demo,2023-12-15,2023-12-22,7,false
OPP-00307,Proposal,2023-12-22,2024-01-03,12,false
OPP-00307,Commit,2024-01-03,2024-01-13,10,true
OPP-00308,Prospect,2024-02-01,2024-03-12,40,false
OPP-00308,Qualified,2024-03-12,2024-04-07,26,false
OPP-00308,Demo,2024-04-07,2024-04-27,20,false
OPP-00308,Proposal,2024-04-27,2024-06-03,37,true
OPP-00309,Prospect,2026-04-07,2026-04-23,16,false
OPP-00309,Qualified,2026-04-23,,56,true
OPP-00310,Prospect,2024-11-16,2024-12-07,21,false
OPP-00310,Qualified,2024-12-07,2024-12-21,14,false
OPP-00310,Demo,2024-12-21,2024-12-31,10,false
OPP-00310,Proposal,2024-12-31,2025-01-18,18,false
OPP-00310,Commit,2025-01-18,2025-02-02,15,true
OPP-00311,Prospect,2026-01-27,2026-02-19,23,false
OPP-00311,Qualified,2026-02-19,2026-03-02,11,false
OPP-00311,Demo,2026-03-02,2026-03-09,7,false
OPP-00311,Proposal,2026-03-09,2026-03-25,16,false
OPP-00311,Commit,2026-03-25,,85,true
OPP-00312,Prospect,2026-03-10,,100,true
OPP-00313,Prospect,2024-05-26,2024-06-13,18,false
OPP-00313,Qualified,2024-06-13,2024-06-25,12,false
OPP-00313,Demo,2024-06-25,2024-07-04,9,false
OPP-00313,Proposal,2024-07-04,2024-07-20,16,false
OPP-00313,Commit,2024-07-20,2024-07-31,11,true
OPP-00314,Prospect,2025-12-15,,185,true
OPP-00315,Prospect,2026-07-26,2026-08-13,18,false
OPP-00315,Qualified,2026-08-13,2026-08-27,14,false
OPP-00315,Demo,2026-08-27,,0,true
OPP-00316,Prospect,2024-05-04,2024-05-31,27,false
OPP-00316,Qualified,2024-05-31,2024-06-18,18,false
OPP-00316,Demo,2024-06-18,2024-07-01,13,false
OPP-00316,Proposal,2024-07-01,2024-07-25,24,false
OPP-00316,Commit,2024-07-25,2024-08-11,17,true
OPP-00317,Prospect,2026-01-20,2026-02-06,17,false
OPP-00317,Qualified,2026-02-06,,132,true
OPP-00318,Prospect,2025-02-13,2025-03-05,20,false
OPP-00318,Qualified,2025-03-05,2025-03-18,13,false
OPP-00318,Demo,2025-03-18,2025-03-28,10,false
OPP-00318,Proposal,2025-03-28,2025-04-15,18,false
OPP-00318,Commit,2025-04-15,2025-04-30,15,true
OPP-00319,Prospect,2026-03-07,2026-03-23,16,false
OPP-00319,Qualified,2026-03-23,2026-03-29,6,false
OPP-00319,Demo,2026-03-29,2026-04-14,16,false
OPP-00319,Proposal,2026-04-14,,65,true
OPP-00320,Prospect,2025-09-30,2025-10-14,14,false
OPP-00320,Qualified,2025-10-14,2025-10-24,10,true
OPP-00321,Prospect,2025-12-18,2026-01-04,17,false
OPP-00321,Qualified,2026-01-04,2026-01-14,10,false
OPP-00321,Demo,2026-01-14,,155,true
OPP-00322,Prospect,2023-10-22,2023-12-03,42,false
OPP-00322,Qualified,2023-12-03,2023-12-31,28,false
OPP-00322,Demo,2023-12-31,2024-01-21,21,false
OPP-00322,Proposal,2024-01-21,2024-02-27,37,false
OPP-00322,Commit,2024-02-27,2024-03-25,27,true
OPP-00323,Prospect,2026-08-06,,0,true
OPP-00324,Prospect,2026-04-03,2026-04-11,8,false
OPP-00324,Qualified,2026-04-11,,68,true
OPP-00325,Prospect,2024-08-15,2024-09-02,18,false
OPP-00325,Qualified,2024-09-02,2024-09-14,12,false
OPP-00325,Demo,2024-09-14,2024-09-23,9,false
OPP-00325,Proposal,2024-09-23,2024-10-10,17,true
OPP-00326,Prospect,2026-03-14,2026-04-02,19,false
OPP-00326,Qualified,2026-04-02,,77,true
OPP-00327,Prospect,2025-01-21,2025-02-10,20,false
OPP-00327,Qualified,2025-02-10,2025-02-24,14,true
OPP-00328,Prospect,2026-02-23,,115,true
OPP-00329,Prospect,2025-04-10,2025-04-29,19,false
OPP-00329,Qualified,2025-04-29,2025-05-13,14,true
OPP-00330,Prospect,2024-10-06,2024-10-17,11,false
OPP-00330,Qualified,2024-10-17,2024-10-25,8,true
OPP-00331,Prospect,2026-06-02,2026-06-25,23,false
OPP-00331,Qualified,2026-06-25,2026-07-11,16,false
OPP-00331,Demo,2026-07-11,2026-07-23,12,false
OPP-00331,Proposal,2026-07-23,,0,true
OPP-00332,Prospect,2026-04-05,2026-04-25,20,false
OPP-00332,Qualified,2026-04-25,2026-04-27,2,false
OPP-00332,Demo,2026-04-27,,52,true
OPP-00333,Prospect,2026-03-14,2026-04-02,19,false
OPP-00333,Qualified,2026-04-02,,77,true
OPP-00334,Prospect,2026-03-27,,83,true
OPP-00335,Prospect,2026-04-01,,78,true
OPP-00336,Prospect,2025-05-12,2025-06-11,30,false
OPP-00336,Qualified,2025-06-11,2025-07-01,20,false
OPP-00336,Demo,2025-07-01,2025-07-18,17,true
OPP-00337,Prospect,2024-10-29,2024-12-11,43,false
OPP-00337,Qualified,2024-12-11,2025-01-08,28,false
OPP-00337,Demo,2025-01-08,2025-01-29,21,false
OPP-00337,Proposal,2025-01-29,2025-03-08,38,false
OPP-00337,Commit,2025-03-08,2025-04-06,29,true
OPP-00338,Prospect,2024-10-16,2024-11-16,31,false
OPP-00338,Qualified,2024-11-16,2024-12-06,20,false
OPP-00338,Demo,2024-12-06,2024-12-21,15,false
OPP-00338,Proposal,2024-12-21,2025-01-17,27,false
OPP-00338,Commit,2025-01-17,2025-02-07,21,true
OPP-00339,Prospect,2024-05-01,2024-06-01,31,false
OPP-00339,Qualified,2024-06-01,2024-06-21,20,false
OPP-00339,Demo,2024-06-21,2024-07-06,15,false
OPP-00339,Proposal,2024-07-06,2024-08-05,30,true
OPP-00340,Prospect,2026-03-04,2026-03-28,24,false
OPP-00340,Qualified,2026-03-28,2026-04-09,12,false
OPP-00340,Demo,2026-04-09,,70,true
OPP-00341,Prospect,2025-05-27,2025-06-23,27,true
OPP-00342,Prospect,2025-08-08,2025-09-14,37,false
OPP-00342,Qualified,2025-09-14,2025-10-09,25,false
OPP-00342,Demo,2025-10-09,2025-10-27,18,false
OPP-00342,Proposal,2025-10-27,2025-11-29,33,false
OPP-00342,Commit,2025-11-29,2025-12-25,26,true
OPP-00343,Prospect,2025-11-17,,213,true
OPP-00344,Prospect,2025-12-14,,186,true
OPP-00345,Prospect,2025-11-12,2025-12-06,24,false
OPP-00345,Qualified,2025-12-06,,194,true
OPP-00346,Prospect,2024-05-03,2024-05-16,13,true
OPP-00347,Prospect,2024-05-05,2024-05-17,12,false
OPP-00347,Qualified,2024-05-17,2024-05-25,8,false
OPP-00347,Demo,2024-05-25,2024-05-31,6,false
OPP-00347,Proposal,2024-05-31,2024-06-10,10,false
OPP-00347,Commit,2024-06-10,2024-06-18,8,true
OPP-00348,Prospect,2026-02-15,2026-03-02,15,false
OPP-00348,Qualified,2026-03-02,2026-03-12,10,false
OPP-00348,Demo,2026-03-12,2026-03-23,11,false
OPP-00348,Proposal,2026-03-23,,87,true
OPP-00349,Prospect,2025-08-27,2025-09-15,19,false
OPP-00349,Qualified,2025-09-15,2025-09-28,13,false
OPP-00349,Demo,2025-09-28,2025-10-07,9,false
OPP-00349,Proposal,2025-10-07,2025-10-24,17,false
OPP-00349,Commit,2025-10-24,2025-11-07,14,true
OPP-00350,Prospect,2025-10-30,2025-11-08,9,true
OPP-00351,Prospect,2025-01-24,2025-02-12,19,true
OPP-00352,Prospect,2026-05-17,2026-06-05,19,false
OPP-00352,Qualified,2026-06-05,2026-06-15,10,false
OPP-00352,Demo,2026-06-15,2026-06-26,11,false
OPP-00352,Proposal,2026-06-26,,0,true
OPP-00353,Prospect,2026-05-16,,33,true
OPP-00354,Prospect,2026-03-14,2026-03-28,14,false
OPP-00354,Qualified,2026-03-28,2026-04-11,14,false
OPP-00354,Demo,2026-04-11,,68,true
OPP-00355,Prospect,2024-11-12,2024-12-01,19,true
OPP-00356,Prospect,2025-07-25,2025-08-25,31,false
OPP-00356,Qualified,2025-08-25,2025-09-15,21,false
OPP-00356,Demo,2025-09-15,2025-09-30,15,false
OPP-00356,Proposal,2025-09-30,2025-10-28,28,false
OPP-00356,Commit,2025-10-28,2025-11-19,22,true
OPP-00357,Prospect,2025-04-19,2025-05-02,13,false
OPP-00357,Qualified,2025-05-02,2025-05-12,10,true
OPP-00358,Prospect,2024-07-11,2024-08-22,42,false
OPP-00358,Qualified,2024-08-22,2024-09-19,28,false
OPP-00358,Demo,2024-09-19,2024-10-10,21,false
OPP-00358,Proposal,2024-10-10,2024-11-16,37,false
OPP-00358,Commit,2024-11-16,2024-12-12,26,true
OPP-00359,Prospect,2026-01-24,2026-02-08,15,false
OPP-00359,Qualified,2026-02-08,2026-02-17,9,false
OPP-00359,Demo,2026-02-17,2026-02-27,10,false
OPP-00359,Proposal,2026-02-27,2026-03-13,14,false
OPP-00359,Commit,2026-03-13,,97,true
OPP-00360,Prospect,2026-05-10,2026-05-28,18,false
OPP-00360,Qualified,2026-05-28,2026-06-12,15,false
OPP-00360,Demo,2026-06-12,2026-06-18,6,false
OPP-00360,Proposal,2026-06-18,,0,true
OPP-00361,Prospect,2025-02-10,2025-03-07,25,false
OPP-00361,Qualified,2025-03-07,2025-03-24,17,false
OPP-00361,Demo,2025-03-24,2025-04-05,12,false
OPP-00361,Proposal,2025-04-05,2025-04-27,22,false
OPP-00361,Commit,2025-04-27,2025-05-15,18,true
OPP-00362,Prospect,2026-07-28,2026-08-19,22,false
OPP-00362,Qualified,2026-08-19,,0,true
OPP-00363,Prospect,2025-10-29,2025-11-06,8,false
OPP-00363,Qualified,2025-11-06,2025-11-10,4,false
OPP-00363,Demo,2025-11-10,,220,true
OPP-00364,Prospect,2023-12-06,2024-01-03,28,false
OPP-00364,Qualified,2024-01-03,2024-01-22,19,false
OPP-00364,Demo,2024-01-22,2024-02-05,14,false
OPP-00364,Proposal,2024-02-05,2024-03-01,25,false
OPP-00364,Commit,2024-03-01,2024-03-20,19,true
OPP-00365,Prospect,2026-01-06,2026-01-27,21,false
OPP-00365,Qualified,2026-01-27,2026-01-31,4,false
OPP-00365,Demo,2026-01-31,2026-02-04,4,false
OPP-00365,Proposal,2026-02-04,,134,true
OPP-00366,Prospect,2025-02-13,2025-03-13,28,false
OPP-00366,Qualified,2025-03-13,2025-04-02,20,true
OPP-00367,Prospect,2025-05-30,2025-06-14,15,true
OPP-00368,Prospect,2026-01-06,2026-01-27,21,false
OPP-00368,Qualified,2026-01-27,2026-02-10,14,false
OPP-00368,Demo,2026-02-10,2026-02-21,11,false
OPP-00368,Proposal,2026-02-21,,117,true
OPP-00369,Prospect,2026-07-15,2026-08-02,18,false
OPP-00369,Qualified,2026-08-02,2026-08-17,15,false
OPP-00369,Demo,2026-08-17,2026-08-30,13,false
OPP-00369,Proposal,2026-08-30,,0,true
OPP-00370,Prospect,2026-02-04,2026-02-14,10,false
OPP-00370,Qualified,2026-02-14,,124,true
OPP-00371,Prospect,2024-02-16,2024-03-09,22,false
OPP-00371,Qualified,2024-03-09,2024-03-24,15,false
OPP-00371,Demo,2024-03-24,2024-04-04,11,false
OPP-00371,Proposal,2024-04-04,2024-04-26,22,true
OPP-00372,Prospect,2026-06-27,2026-07-09,12,false
OPP-00372,Qualified,2026-07-09,2026-07-16,7,false
OPP-00372,Demo,2026-07-16,,0,true
OPP-00373,Prospect,2025-05-06,2025-05-17,11,false
OPP-00373,Qualified,2025-05-17,2025-05-24,7,false
OPP-00373,Demo,2025-05-24,2025-05-29,5,false
OPP-00373,Proposal,2025-05-29,2025-06-08,10,false
OPP-00373,Commit,2025-06-08,2025-06-18,10,true
OPP-00374,Prospect,2024-09-25,2024-10-19,24,false
OPP-00374,Qualified,2024-10-19,2024-11-04,16,true
OPP-00375,Prospect,2026-02-12,2026-03-02,18,false
OPP-00375,Qualified,2026-03-02,2026-03-14,12,false
OPP-00375,Demo,2026-03-14,2026-03-21,7,false
OPP-00375,Proposal,2026-03-21,,89,true
OPP-00376,Prospect,2025-11-25,,205,true
OPP-00377,Prospect,2025-07-31,2025-08-10,10,false
OPP-00377,Qualified,2025-08-10,2025-08-16,6,false
OPP-00377,Demo,2025-08-16,2025-08-21,5,false
OPP-00377,Proposal,2025-08-21,2025-08-29,8,false
OPP-00377,Commit,2025-08-29,2025-09-06,8,true
OPP-00378,Prospect,2026-01-23,2026-02-21,29,false
OPP-00378,Qualified,2026-02-21,2026-02-28,7,false
OPP-00378,Demo,2026-02-28,2026-03-07,7,false
OPP-00378,Proposal,2026-03-07,,103,true
OPP-00379,Prospect,2024-10-04,2024-10-25,21,true
OPP-00380,Prospect,2025-11-19,2025-12-02,13,false
OPP-00380,Qualified,2025-12-02,,198,true
OPP-00381,Prospect,2025-09-07,2025-09-22,15,false
OPP-00381,Qualified,2025-09-22,,269,true
OPP-00382,Prospect,2026-04-11,2026-04-28,17,false
OPP-00382,Qualified,2026-04-28,2026-05-09,11,false
OPP-00382,Demo,2026-05-09,2026-05-17,8,false
OPP-00382,Proposal,2026-05-17,,32,true
OPP-00383,Prospect,2025-08-18,2025-09-03,16,false
OPP-00383,Qualified,2025-09-03,2025-09-13,10,false
OPP-00383,Demo,2025-09-13,2025-09-21,8,false
OPP-00383,Proposal,2025-09-21,2025-10-05,14,false
OPP-00383,Commit,2025-10-05,2025-10-17,12,true
OPP-00384,Prospect,2026-01-14,2026-01-28,14,false
OPP-00384,Qualified,2026-01-28,,141,true
OPP-00385,Prospect,2025-10-14,2025-11-11,28,false
OPP-00385,Qualified,2025-11-11,2025-11-19,8,false
OPP-00385,Demo,2025-11-19,2025-11-30,11,false
OPP-00385,Proposal,2025-11-30,,200,true
OPP-00386,Prospect,2025-12-23,,177,true
OPP-00387,Prospect,2026-03-20,2026-04-03,14,false
OPP-00387,Qualified,2026-04-03,2026-04-12,9,false
OPP-00387,Demo,2026-04-12,2026-04-20,8,false
OPP-00387,Proposal,2026-04-20,2026-05-05,15,false
OPP-00387,Commit,2026-05-05,,44,true
OPP-00388,Prospect,2025-03-03,2025-03-10,7,true
OPP-00389,Prospect,2026-06-05,2026-06-24,19,false
OPP-00389,Qualified,2026-06-24,2026-07-10,16,false
OPP-00389,Demo,2026-07-10,2026-07-18,8,false
OPP-00389,Proposal,2026-07-18,,0,true
OPP-00390,Prospect,2026-03-22,2026-04-08,17,false
OPP-00390,Qualified,2026-04-08,,71,true
OPP-00391,Prospect,2025-01-16,2025-02-06,21,false
OPP-00391,Qualified,2025-02-06,2025-02-20,14,false
OPP-00391,Demo,2025-02-20,2025-03-03,11,true
OPP-00392,Prospect,2025-12-01,2025-12-28,27,false
OPP-00392,Qualified,2025-12-28,,172,true
OPP-00393,Prospect,2025-10-23,2025-10-29,6,false
OPP-00393,Qualified,2025-10-29,2025-11-02,4,false
OPP-00393,Demo,2025-11-02,2025-11-05,3,false
OPP-00393,Proposal,2025-11-05,2025-11-10,5,false
OPP-00393,Commit,2025-11-10,2025-11-16,6,true
OPP-00394,Prospect,2024-09-14,2024-09-25,11,false
OPP-00394,Qualified,2024-09-25,2024-10-02,7,false
OPP-00394,Demo,2024-10-02,2024-10-07,5,false
OPP-00394,Proposal,2024-10-07,2024-10-16,9,false
OPP-00394,Commit,2024-10-16,2024-10-25,9,true
OPP-00395,Prospect,2026-02-18,2026-02-22,4,false
OPP-00395,Qualified,2026-02-22,2026-03-12,18,false
OPP-00395,Demo,2026-03-12,,98,true
OPP-00396,Prospect,2023-09-25,2023-10-28,33,false
OPP-00396,Qualified,2023-10-28,2023-11-19,22,false
OPP-00396,Demo,2023-11-19,2023-12-05,16,false
OPP-00396,Proposal,2023-12-05,2024-01-03,29,false
OPP-00396,Commit,2024-01-03,2024-01-25,22,true
OPP-00397,Prospect,2026-02-27,2026-03-28,29,false
OPP-00397,Qualified,2026-03-28,2026-04-09,12,false
OPP-00397,Demo,2026-04-09,2026-04-14,5,false
OPP-00397,Proposal,2026-04-14,,65,true
OPP-00398,Prospect,2025-11-27,,203,true
OPP-00399,Prospect,2025-01-05,2025-01-23,18,false
OPP-00399,Qualified,2025-01-23,2025-02-04,12,false
OPP-00399,Demo,2025-02-04,2025-02-13,9,false
OPP-00399,Proposal,2025-02-13,2025-03-01,16,false
OPP-00399,Commit,2025-03-01,2025-03-14,13,true
OPP-00400,Prospect,2026-04-08,2026-04-25,17,false
OPP-00400,Qualified,2026-04-25,2026-05-06,11,false
OPP-00400,Demo,2026-05-06,2026-05-18,12,false
OPP-00400,Proposal,2026-05-18,,31,true
OPP-00401,Prospect,2024-07-08,2024-08-18,41,false
OPP-00401,Qualified,2024-08-18,2024-09-14,27,false
OPP-00401,Demo,2024-09-14,2024-10-05,21,true
OPP-00402,Prospect,2026-06-10,2026-06-26,16,false
OPP-00402,Qualified,2026-06-26,2026-07-11,15,false
OPP-00402,Demo,2026-07-11,,0,true
OPP-00403,Prospect,2026-07-21,2026-08-10,20,false
OPP-00403,Qualified,2026-08-10,2026-08-21,11,false
OPP-00403,Demo,2026-08-21,,0,true
OPP-00404,Prospect,2024-09-28,2024-11-05,38,false
OPP-00404,Qualified,2024-11-05,2024-11-30,25,false
OPP-00404,Demo,2024-11-30,2024-12-19,19,false
OPP-00404,Proposal,2024-12-19,2025-01-22,34,false
OPP-00404,Commit,2025-01-22,2025-02-17,26,true
OPP-00405,Prospect,2026-03-18,2026-04-04,17,false
OPP-00405,Qualified,2026-04-04,2026-04-11,7,false
OPP-00405,Demo,2026-04-11,2026-04-17,6,false
OPP-00405,Proposal,2026-04-17,2026-05-04,17,false
OPP-00405,Commit,2026-05-04,,45,true
OPP-00406,Prospect,2024-05-30,2024-06-26,27,false
OPP-00406,Qualified,2024-06-26,2024-07-14,18,false
OPP-00406,Demo,2024-07-14,2024-07-27,13,false
OPP-00406,Proposal,2024-07-27,2024-08-20,24,false
OPP-00406,Commit,2024-08-20,2024-09-06,17,true
OPP-00407,Prospect,2026-03-11,2026-03-20,9,false
OPP-00407,Qualified,2026-03-20,2026-04-07,18,false
OPP-00407,Demo,2026-04-07,,72,true
OPP-00408,Prospect,2024-08-29,2024-09-14,16,false
OPP-00408,Qualified,2024-09-14,2024-09-24,10,false
OPP-00408,Demo,2024-09-24,2024-10-02,8,false
OPP-00408,Proposal,2024-10-02,2024-10-17,15,true
OPP-00409,Prospect,2026-01-15,2026-02-10,26,false
OPP-00409,Qualified,2026-02-10,,128,true
OPP-00410,Prospect,2026-04-25,2026-05-12,17,false
OPP-00410,Qualified,2026-05-12,2026-05-15,3,false
OPP-00410,Demo,2026-05-15,,34,true
OPP-00411,Prospect,2025-09-27,2025-10-08,11,false
OPP-00411,Qualified,2025-10-08,2025-10-15,7,false
OPP-00411,Demo,2025-10-15,2025-10-21,6,true
OPP-00412,Prospect,2025-07-03,2025-07-15,12,false
OPP-00412,Qualified,2025-07-15,2025-07-23,8,false
OPP-00412,Demo,2025-07-23,2025-07-29,6,false
OPP-00412,Proposal,2025-07-29,2025-08-08,10,false
OPP-00412,Commit,2025-08-08,2025-08-16,8,true
OPP-00413,Prospect,2026-01-02,,167,true
OPP-00414,Prospect,2025-12-08,2025-12-24,16,false
OPP-00414,Qualified,2025-12-24,2026-01-07,14,false
OPP-00414,Demo,2026-01-07,,162,true
OPP-00415,Prospect,2024-11-13,2024-12-08,25,false
OPP-00415,Qualified,2024-12-08,2024-12-24,16,false
OPP-00415,Demo,2024-12-24,2025-01-05,12,false
OPP-00415,Proposal,2025-01-05,2025-01-27,22,false
OPP-00415,Commit,2025-01-27,2025-02-14,18,true
OPP-00416,Prospect,2023-11-03,2023-11-19,16,true
OPP-00417,Prospect,2026-01-14,2026-01-28,14,false
OPP-00417,Qualified,2026-01-28,,141,true
OPP-00418,Prospect,2025-07-15,2025-08-24,40,false
OPP-00418,Qualified,2025-08-24,2025-09-19,26,false
OPP-00418,Demo,2025-09-19,2025-10-09,20,false
OPP-00418,Proposal,2025-10-09,2025-11-13,35,false
OPP-00418,Commit,2025-11-13,2025-12-09,26,true
OPP-00419,Prospect,2026-01-30,,139,true
OPP-00420,Prospect,2024-09-21,2024-10-03,12,true
OPP-00421,Prospect,2026-02-27,2026-03-02,3,false
OPP-00421,Qualified,2026-03-02,2026-03-18,16,false
OPP-00421,Demo,2026-03-18,2026-03-21,3,false
OPP-00421,Proposal,2026-03-21,,89,true
OPP-00422,Prospect,2026-05-08,2026-05-31,23,false
OPP-00422,Qualified,2026-05-31,2026-06-13,13,false
OPP-00422,Demo,2026-06-13,,5,true
OPP-00423,Prospect,2023-12-02,2023-12-13,11,false
OPP-00423,Qualified,2023-12-13,2023-12-20,7,false
OPP-00423,Demo,2023-12-20,2023-12-25,5,false
OPP-00423,Proposal,2023-12-25,2024-01-03,9,false
OPP-00423,Commit,2024-01-03,2024-01-12,9,true
OPP-00424,Prospect,2026-05-21,,28,true
OPP-00425,Prospect,2023-12-29,2024-01-18,20,true
OPP-00426,Prospect,2026-03-11,2026-03-28,17,false
OPP-00426,Qualified,2026-03-28,2026-04-13,16,false
OPP-00426,Demo,2026-04-13,,66,true
OPP-00427,Prospect,2025-11-06,,224,true
OPP-00428,Prospect,2025-10-02,2025-10-20,18,false
OPP-00428,Qualified,2025-10-20,2025-11-02,13,true
OPP-00429,Prospect,2024-07-08,2024-08-14,37,false
OPP-00429,Qualified,2024-08-14,2024-09-08,25,false
OPP-00429,Demo,2024-09-08,2024-09-26,18,false
OPP-00429,Proposal,2024-09-26,2024-10-29,33,false
OPP-00429,Commit,2024-10-29,2024-11-24,26,true
OPP-00430,Prospect,2024-03-04,2024-03-22,18,false
OPP-00430,Qualified,2024-03-22,2024-04-03,12,false
OPP-00430,Demo,2024-04-03,2024-04-12,9,false
OPP-00430,Proposal,2024-04-12,2024-04-28,16,false
OPP-00430,Commit,2024-04-28,2024-05-09,11,true
OPP-00431,Prospect,2025-08-23,2025-09-04,12,false
OPP-00431,Qualified,2025-09-04,2025-09-12,8,false
OPP-00431,Demo,2025-09-12,2025-09-18,6,false
OPP-00431,Proposal,2025-09-18,2025-09-29,11,false
OPP-00431,Commit,2025-09-29,2025-10-09,10,true
OPP-00432,Prospect,2026-08-03,2026-08-21,18,false
OPP-00432,Qualified,2026-08-21,2026-09-03,13,false
OPP-00432,Demo,2026-09-03,2026-09-07,4,false
OPP-00432,Proposal,2026-09-07,2026-09-22,15,false
OPP-00432,Commit,2026-09-22,,0,true
OPP-00433,Prospect,2026-03-27,2026-04-05,9,false
OPP-00433,Qualified,2026-04-05,,74,true
OPP-00434,Prospect,2024-09-29,2024-10-17,18,false
OPP-00434,Qualified,2024-10-17,2024-10-29,12,true
OPP-00435,Prospect,2026-03-03,2026-03-22,19,false
OPP-00435,Qualified,2026-03-22,2026-04-02,11,false
OPP-00435,Demo,2026-04-02,2026-04-09,7,false
OPP-00435,Proposal,2026-04-09,,70,true
OPP-00436,Prospect,2024-08-16,2024-09-04,19,false
OPP-00436,Qualified,2024-09-04,2024-09-16,12,false
OPP-00436,Demo,2024-09-16,2024-09-25,9,false
OPP-00436,Proposal,2024-09-25,2024-10-11,16,false
OPP-00436,Commit,2024-10-11,2024-10-25,14,true
OPP-00437,Prospect,2025-08-30,2025-09-09,10,false
OPP-00437,Qualified,2025-09-09,2025-09-15,6,false
OPP-00437,Demo,2025-09-15,2025-09-20,5,false
OPP-00437,Proposal,2025-09-20,2025-09-28,8,false
OPP-00437,Commit,2025-09-28,2025-10-06,8,true
OPP-00438,Prospect,2025-02-16,2025-03-27,39,false
OPP-00438,Qualified,2025-03-27,2025-04-22,26,false
OPP-00438,Demo,2025-04-22,2025-05-11,19,false
OPP-00438,Proposal,2025-05-11,2025-06-15,35,false
OPP-00438,Commit,2025-06-15,2025-07-11,26,true
OPP-00439,Prospect,2026-06-19,2026-07-14,25,false
OPP-00439,Qualified,2026-07-14,2026-07-28,14,false
OPP-00439,Demo,2026-07-28,,0,true
OPP-00440,Prospect,2025-11-21,2025-12-14,23,false
OPP-00440,Qualified,2025-12-14,2025-12-29,15,false
OPP-00440,Demo,2025-12-29,,171,true
OPP-00441,Prospect,2024-04-19,2024-05-12,23,false
OPP-00441,Qualified,2024-05-12,2024-05-27,15,false
OPP-00441,Demo,2024-05-27,2024-06-07,11,false
OPP-00441,Proposal,2024-06-07,2024-06-27,20,false
OPP-00441,Commit,2024-06-27,2024-07-13,16,true
OPP-00442,Prospect,2026-02-11,2026-03-06,23,false
OPP-00442,Qualified,2026-03-06,2026-03-14,8,false
OPP-00442,Demo,2026-03-14,2026-03-24,10,false
OPP-00442,Proposal,2026-03-24,,86,true
OPP-00443,Prospect,2025-12-10,2025-12-27,17,false
OPP-00443,Qualified,2025-12-27,2026-01-11,15,false
OPP-00443,Demo,2026-01-11,,158,true
OPP-00444,Prospect,2024-07-23,2024-08-27,35,false
OPP-00444,Qualified,2024-08-27,2024-09-19,23,false
OPP-00444,Demo,2024-09-19,2024-10-06,17,false
OPP-00444,Proposal,2024-10-06,2024-11-06,31,false
OPP-00444,Commit,2024-11-06,2024-12-01,25,true
OPP-00445,Prospect,2025-01-08,2025-02-12,35,false
OPP-00445,Qualified,2025-02-12,2025-03-07,23,false
OPP-00445,Demo,2025-03-07,2025-03-24,17,false
OPP-00445,Proposal,2025-03-24,2025-04-24,31,false
OPP-00445,Commit,2025-04-24,2025-05-18,24,true
OPP-00446,Prospect,2024-01-26,2024-02-02,7,false
OPP-00446,Qualified,2024-02-02,2024-02-08,6,true
OPP-00447,Prospect,2025-01-22,2025-02-03,12,false
OPP-00447,Qualified,2025-02-03,2025-02-11,8,false
OPP-00447,Demo,2025-02-11,2025-02-18,7,true
OPP-00448,Prospect,2025-09-02,2025-09-09,7,true
OPP-00449,Prospect,2026-03-16,2026-04-07,22,false
OPP-00449,Qualified,2026-04-07,,72,true
OPP-00450,Prospect,2025-09-05,2025-09-12,7,false
OPP-00450,Qualified,2025-09-12,2025-09-17,5,false
OPP-00450,Demo,2025-09-17,2025-09-20,3,false
OPP-00450,Proposal,2025-09-20,2025-09-26,6,false
OPP-00450,Commit,2025-09-26,2025-10-03,7,true
OPP-00451,Prospect,2025-07-05,2025-07-27,22,false
OPP-00451,Qualified,2025-07-27,2025-08-11,15,false
OPP-00451,Demo,2025-08-11,2025-08-22,11,false
OPP-00451,Proposal,2025-08-22,2025-09-11,20,false
OPP-00451,Commit,2025-09-11,2025-09-27,16,true
OPP-00452,Prospect,2025-12-14,2026-01-05,22,false
OPP-00452,Qualified,2026-01-05,,164,true
OPP-00453,Prospect,2025-11-30,,200,true
OPP-00454,Prospect,2025-11-23,2025-12-15,22,false
OPP-00454,Qualified,2025-12-15,2025-12-30,15,false
OPP-00454,Demo,2025-12-30,2026-01-04,5,false
OPP-00454,Proposal,2026-01-04,,165,true
OPP-00455,Prospect,2025-11-25,,205,true
OPP-00456,Prospect,2026-03-20,2026-04-03,14,false
OPP-00456,Qualified,2026-04-03,2026-04-21,18,false
OPP-00456,Demo,2026-04-21,2026-04-30,9,false
OPP-00456,Proposal,2026-04-30,2026-05-19,19,false
OPP-00456,Commit,2026-05-19,,30,true
OPP-00457,Prospect,2026-05-31,,18,true
OPP-00458,Prospect,2026-02-22,,116,true
OPP-00459,Prospect,2024-10-25,2024-11-19,25,false
OPP-00459,Qualified,2024-11-19,2024-12-05,16,false
OPP-00459,Demo,2024-12-05,2024-12-17,12,false
OPP-00459,Proposal,2024-12-17,2025-01-08,22,false
OPP-00459,Commit,2025-01-08,2025-01-25,17,true
OPP-00460,Prospect,2024-04-24,2024-05-01,7,true
OPP-00461,Prospect,2025-08-30,2025-09-15,16,false
OPP-00461,Qualified,2025-09-15,2025-10-01,16,false
OPP-00461,Demo,2025-10-01,2025-10-08,7,false
OPP-00461,Proposal,2025-10-08,,253,true
OPP-00462,Prospect,2026-02-10,2026-02-28,18,false
OPP-00462,Qualified,2026-02-28,2026-03-10,10,false
OPP-00462,Demo,2026-03-10,2026-03-13,3,false
OPP-00462,Proposal,2026-03-13,,97,true
OPP-00463,Prospect,2026-02-11,2026-03-01,18,false
OPP-00463,Qualified,2026-03-01,2026-03-09,8,false
OPP-00463,Demo,2026-03-09,,101,true
OPP-00464,Prospect,2024-07-27,2024-08-05,9,true
OPP-00465,Prospect,2026-02-21,2026-03-15,22,false
OPP-00465,Qualified,2026-03-15,2026-03-24,9,false
OPP-00465,Demo,2026-03-24,2026-04-02,9,false
OPP-00465,Proposal,2026-04-02,,77,true
OPP-00466,Prospect,2023-09-20,2023-11-05,46,false
OPP-00466,Qualified,2023-11-05,2023-12-06,31,false
OPP-00466,Demo,2023-12-06,2023-12-29,23,false
OPP-00466,Proposal,2023-12-29,2024-02-08,41,false
OPP-00466,Commit,2024-02-08,2024-03-09,30,true
OPP-00467,Prospect,2024-01-29,2024-02-08,10,false
OPP-00467,Qualified,2024-02-08,2024-02-15,7,false
OPP-00467,Demo,2024-02-15,2024-02-20,5,false
OPP-00467,Proposal,2024-02-20,2024-02-29,9,false
OPP-00467,Commit,2024-02-29,2024-03-09,9,true
OPP-00468,Prospect,2024-04-06,2024-04-15,9,false
OPP-00468,Qualified,2024-04-15,2024-04-21,6,false
OPP-00468,Demo,2024-04-21,2024-04-25,4,false
OPP-00468,Proposal,2024-04-25,2024-05-03,8,false
OPP-00468,Commit,2024-05-03,2024-05-12,9,true
OPP-00469,Prospect,2025-08-19,2025-08-29,10,false
OPP-00469,Qualified,2025-08-29,2025-09-05,7,true
OPP-00470,Prospect,2023-12-22,2023-12-31,9,false
OPP-00470,Qualified,2023-12-31,2024-01-06,6,false
OPP-00470,Demo,2024-01-06,2024-01-10,4,false
OPP-00470,Proposal,2024-01-10,2024-01-18,8,false
OPP-00470,Commit,2024-01-18,2024-01-26,8,true
OPP-00471,Prospect,2025-10-19,2025-10-26,7,false
OPP-00471,Qualified,2025-10-26,2025-11-01,6,true
OPP-00472,Prospect,2026-04-07,,72,true
OPP-00473,Prospect,2025-11-17,2025-12-08,21,false
OPP-00473,Qualified,2025-12-08,2025-12-15,7,false
OPP-00473,Demo,2025-12-15,,185,true
OPP-00474,Prospect,2026-06-29,2026-07-26,27,false
OPP-00474,Qualified,2026-07-26,,0,true
OPP-00475,Prospect,2024-09-02,2024-09-20,18,false
OPP-00475,Qualified,2024-09-20,2024-10-03,13,true
OPP-00476,Prospect,2026-01-20,,149,true
OPP-00477,Prospect,2025-11-29,2025-12-24,25,false
OPP-00477,Qualified,2025-12-24,2026-01-14,21,false
OPP-00477,Demo,2026-01-14,2026-01-21,7,false
OPP-00477,Proposal,2026-01-21,2026-02-04,14,false
OPP-00477,Commit,2026-02-04,,134,true
OPP-00478,Prospect,2026-03-29,,81,true
OPP-00479,Prospect,2024-08-19,2024-09-26,38,false
OPP-00479,Qualified,2024-09-26,2024-10-21,25,false
OPP-00479,Demo,2024-10-21,2024-11-11,21,true
OPP-00480,Prospect,2025-05-06,2025-05-17,11,false
OPP-00480,Qualified,2025-05-17,2025-05-24,7,false
OPP-00480,Demo,2025-05-24,2025-05-29,5,false
OPP-00480,Proposal,2025-05-29,2025-06-08,10,false
OPP-00480,Commit,2025-06-08,2025-06-18,10,true
OPP-00481,Prospect,2026-02-05,2026-02-25,20,false
OPP-00481,Qualified,2026-02-25,2026-03-05,8,false
OPP-00481,Demo,2026-03-05,2026-03-13,8,false
OPP-00481,Proposal,2026-03-13,,97,true
OPP-00482,Prospect,2024-06-11,2024-07-06,25,true
OPP-00483,Prospect,2024-04-07,2024-04-28,21,false
OPP-00483,Qualified,2024-04-28,2024-05-12,14,false
OPP-00483,Demo,2024-05-12,2024-05-22,10,false
OPP-00483,Proposal,2024-05-22,2024-06-10,19,false
OPP-00483,Commit,2024-06-10,2024-06-26,16,true
OPP-00484,Prospect,2024-03-21,2024-04-10,20,false
OPP-00484,Qualified,2024-04-10,2024-04-23,13,false
OPP-00484,Demo,2024-04-23,2024-05-03,10,false
OPP-00484,Proposal,2024-05-03,2024-05-21,18,false
OPP-00484,Commit,2024-05-21,2024-06-04,14,true
OPP-00485,Prospect,2024-09-18,2024-10-09,21,false
OPP-00485,Qualified,2024-10-09,2024-10-23,14,false
OPP-00485,Demo,2024-10-23,2024-11-02,10,false
OPP-00485,Proposal,2024-11-02,2024-11-21,19,false
OPP-00485,Commit,2024-11-21,2024-12-07,16,true
OPP-00486,Prospect,2026-05-19,2026-05-21,2,false
OPP-00486,Qualified,2026-05-21,2026-05-31,10,false
OPP-00486,Demo,2026-05-31,2026-06-14,14,false
OPP-00486,Proposal,2026-06-14,2026-07-05,21,false
OPP-00486,Commit,2026-07-05,,0,true
OPP-00487,Prospect,2026-03-19,2026-04-08,20,false
OPP-00487,Qualified,2026-04-08,2026-04-21,13,false
OPP-00487,Demo,2026-04-21,,58,true
OPP-00488,Prospect,2026-02-11,2026-03-04,21,false
OPP-00488,Qualified,2026-03-04,,106,true
OPP-00489,Prospect,2026-02-19,2026-03-06,15,false
OPP-00489,Qualified,2026-03-06,,104,true
OPP-00490,Prospect,2025-12-25,2026-01-21,27,false
OPP-00490,Qualified,2026-01-21,2026-01-31,10,false
OPP-00490,Demo,2026-01-31,,138,true
OPP-00491,Prospect,2024-06-18,2024-07-01,13,false
OPP-00491,Qualified,2024-07-01,2024-07-10,9,false
OPP-00491,Demo,2024-07-10,2024-07-16,6,false
OPP-00491,Proposal,2024-07-16,2024-07-28,12,false
OPP-00491,Commit,2024-07-28,2024-08-07,10,true
OPP-00492,Prospect,2026-02-25,2026-03-03,6,false
OPP-00492,Qualified,2026-03-03,2026-03-13,10,false
OPP-00492,Demo,2026-03-13,,97,true
OPP-00493,Prospect,2025-12-14,,186,true
OPP-00494,Prospect,2025-06-29,2025-07-30,31,false
OPP-00494,Qualified,2025-07-30,2025-08-20,21,false
OPP-00494,Demo,2025-08-20,2025-09-04,15,false
OPP-00494,Proposal,2025-09-04,2025-10-02,28,false
OPP-00494,Commit,2025-10-02,2025-10-23,21,true
OPP-00495,Prospect,2025-12-26,,174,true
OPP-00496,Prospect,2024-10-23,2024-11-23,31,false
OPP-00496,Qualified,2024-11-23,2024-12-14,21,false
OPP-00496,Demo,2024-12-14,2024-12-29,15,false
OPP-00496,Proposal,2024-12-29,2025-01-26,28,false
OPP-00496,Commit,2025-01-26,2025-02-17,22,true
OPP-00497,Prospect,2026-08-05,2026-08-27,22,false
OPP-00497,Qualified,2026-08-27,2026-09-09,13,false
OPP-00497,Demo,2026-09-09,2026-09-20,11,false
OPP-00497,Proposal,2026-09-20,2026-10-05,15,false
OPP-00497,Commit,2026-10-05,,0,true
OPP-00498,Prospect,2026-03-23,,87,true
OPP-00499,Prospect,2026-02-11,,127,true
OPP-00500,Prospect,2025-07-03,2025-07-21,18,false
OPP-00500,Qualified,2025-07-21,2025-08-02,12,false
OPP-00500,Demo,2025-08-02,2025-08-11,9,false
OPP-00500,Proposal,2025-08-11,2025-08-27,16,false
OPP-00500,Commit,2025-08-27,2025-09-08,12,true
